INSERT INTO Club(numClub,nomClub,adresse,numTelephone,nombreAdherent,ville,departement,region) VALUES(1,'Dessines-moi','42 Cours Marechal-Joffre','0599156850',56,'Quimper','Finistère','Bretagne');
INSERT INTO Club(numClub,nomClub,adresse,numTelephone,nombreAdherent,ville,departement,region) VALUES(2,'Creation en tout genre','58 Rue de Verdun','0630867315',60,'Brest','Finistère','Bretagne');
INSERT INTO Club(numClub,nomClub,adresse,numTelephone,nombreAdherent,ville,departement,region) VALUES(3,'Pick and mix','32 Chemin Du Lavarin Sud','0313726853',38,'Morlais','Finistère','Bretagne');
INSERT INTO Club(numClub,nomClub,adresse,numTelephone,nombreAdherent,ville,departement,region) VALUES(4,'Jeuness création','82 Rue Frédéric Chopin','0314598665',13,'Vannes','Morbihan','Bretagne');
INSERT INTO Club(numClub,nomClub,adresse,numTelephone,nombreAdherent,ville,departement,region) VALUES(5,'Génération artistique','1 Avenue des Tuileries','0769421546',58,'Pontivy','Morbihan','Bretagne');
INSERT INTO Club(numClub,nomClub,adresse,numTelephone,nombreAdherent,ville,departement,region) VALUES(6,'L art de tout','89 avenue Ferdinand de Lesseps','0391952187',45,'Auray','Morbihan','Bretagne');
INSERT INTO Club(numClub,nomClub,adresse,numTelephone,nombreAdherent,ville,departement,region) VALUES(7,'Tout est un art','32 rue Grande Fusterie','0164083692',21,'Dinan','Côtes-d Armor','Bretagne');
INSERT INTO Club(numClub,nomClub,adresse,numTelephone,nombreAdherent,ville,departement,region) VALUES(8,'Exprimez-vous','52 rue de la République','0775245586',53,'Guingamp','Côtes-d Armor','Bretagne');
INSERT INTO Club(numClub,nomClub,adresse,numTelephone,nombreAdherent,ville,departement,region) VALUES(9,'L artiste','2 cours Jean Jaures','0679793430',33,'Saint-Brieuc','Côtes-d Armor','Bretagne');
INSERT INTO Club(numClub,nomClub,adresse,numTelephone,nombreAdherent,ville,departement,region) VALUES(10,'Chapeau l artiste','7 Rue Roussy','0408931548',23,'Nantes','Loire Atlantique','Pays de la Loire');
INSERT INTO Club(numClub,nomClub,adresse,numTelephone,nombreAdherent,ville,departement,region) VALUES(11,'Arts et images','49 Faubourg Saint Honoré','0173614882',22,'Saint-Nazaire','Loire Atlantique','Pays de la Loire');
INSERT INTO Club(numClub,nomClub,adresse,numTelephone,nombreAdherent,ville,departement,region) VALUES(12,'Arts et culture','20 rue Pierre Motte','0714347423',15,'Crossac','Loire Atlantique','Pays de la Loire');
INSERT INTO Club(numClub,nomClub,adresse,numTelephone,nombreAdherent,ville,departement,region) VALUES(13,'Peintre à part','47 Rue de la Pompe','0148390470',49,'Angers','Maine et Loire','Pays de la Loire');
INSERT INTO Club(numClub,nomClub,adresse,numTelephone,nombreAdherent,ville,departement,region) VALUES(14,'Arts& Crafts Gallery','29 rue Lenotre','0589348662',12,'Avrillé','Maine et Loire','Pays de la Loire');
INSERT INTO Club(numClub,nomClub,adresse,numTelephone,nombreAdherent,ville,departement,region) VALUES(15,'Dream Works','92 Place de la Madeleine','0741495851',52,'Chalones sur Loire','Maine et Loire','Pays de la Loire');
INSERT INTO Club(numClub,nomClub,adresse,numTelephone,nombreAdherent,ville,departement,region) VALUES(16,'Arts Baroques','86 avenue de l Amandier','0151512367',16,'Le Mans','Sarthe','Pays de la Loire');
INSERT INTO Club(numClub,nomClub,adresse,numTelephone,nombreAdherent,ville,departement,region) VALUES(17,'Captivant Toiles','62 rue Petite Fusterie','0431432965',39,'Sablé sur Sarthe','Sarthe','Pays de la Loire');
INSERT INTO Club(numClub,nomClub,adresse,numTelephone,nombreAdherent,ville,departement,region) VALUES(18,'Galerie des artistes','3 Rue St Ferréol','0247751207',60,'La Flèche','Sarthe','Pays de la Loire');
INSERT INTO Club(numClub,nomClub,adresse,numTelephone,nombreAdherent,ville,departement,region) VALUES(19,'l Académie de l Art','99 rue de Lille','0180858893',59,'Avranche','Manche','Normandie');
INSERT INTO Club(numClub,nomClub,adresse,numTelephone,nombreAdherent,ville,departement,region) VALUES(20,'De L Art','35 avenue Jules Ferry','0643648067',29,'Granville','Manche','Normandie');
INSERT INTO Club(numClub,nomClub,adresse,numTelephone,nombreAdherent,ville,departement,region) VALUES(21,'Chaud de l Art','95 rue Charles Corbeau','0738543636',33,'Saint-Lô','Manche','Normandie');
INSERT INTO Club(numClub,nomClub,adresse,numTelephone,nombreAdherent,ville,departement,region) VALUES(22,'Marée Haute Galerie','36 Rue du Palais','0686496199',45,'Caen','Calvados','Normandie');
INSERT INTO Club(numClub,nomClub,adresse,numTelephone,nombreAdherent,ville,departement,region) VALUES(23,'L attaque de L Art','67 Chemin Du Lavarin Sud','0619925107',27,'Bayeux','Calvados','Normandie');
INSERT INTO Club(numClub,nomClub,adresse,numTelephone,nombreAdherent,ville,departement,region) VALUES(24,'L Art des artistes','27 boulevard Bryas','0307982448',42,'Falaise','Calvados','Normandie');
INSERT INTO Club(numClub,nomClub,adresse,numTelephone,nombreAdherent,ville,departement,region) VALUES(25,'L Art de L Expression','18 Rue du Limas','0239177862',52,'Alençon','Orne','Normandie');
INSERT INTO Club(numClub,nomClub,adresse,numTelephone,nombreAdherent,ville,departement,region) VALUES(26,'La Cabane D Art','98 rue Descartes','0438942877',39,'Argentan','Orne','Normandie');
INSERT INTO Club(numClub,nomClub,adresse,numTelephone,nombreAdherent,ville,departement,region) VALUES(27,'le centre de dessin','7 rue Adolphe Wurtz','0367513509',39,'La Ferté-Macé','Orne','Normandie');
INSERT INTO Club(numClub,nomClub,adresse,numTelephone,nombreAdherent,ville,departement,region) VALUES(28,'Club Admin','8 rue de la Gare','02 40 56 87 56',2,'Angers','Maine et Loire','Pays de la Loire');

INSERT INTO Utilisateur(numUtilisateur,nom,prenom,age,adresse,login,motDePasse,numClub,dateLicense) VALUES(1,'Gage','Cleveland',90,'507-2086 Sit Road','gcleveland','EAC73RUH8CX',1,'1943-02-09');
INSERT INTO Utilisateur(numUtilisateur,nom,prenom,age,adresse,login,motDePasse,numClub,dateLicense) VALUES(2,'Octavia','Leblanc',25,'Ap #302-9731 Sem, Road','oleblanc','FXT55PDW3HG',1,'2008-08-16');
INSERT INTO Utilisateur(numUtilisateur,nom,prenom,age,adresse,login,motDePasse,numClub,dateLicense) VALUES(3,'Meghan','Sparks',94,'Ap #694-2510 Nisi. Rd.','msparks','NOL71FVQ8TN',1,'1939-09-25');
INSERT INTO Utilisateur(numUtilisateur,nom,prenom,age,adresse,login,motDePasse,numClub,dateLicense) VALUES(4,'Callie','Petty',79,'3570 Risus Av.','cpetty','VCE22JTK2EI',1,'1954-07-13');
INSERT INTO Utilisateur(numUtilisateur,nom,prenom,age,adresse,login,motDePasse,numClub,dateLicense) VALUES(5,'Celeste','Bauer',82,'Ap #166-9214 Suscipit Rd.','cbauer','DXJ22PSY5TD',1,'1951-06-12');
INSERT INTO Utilisateur(numUtilisateur,nom,prenom,age,adresse,login,motDePasse,numClub,dateLicense) VALUES(6,'Martena','Frazier',32,'P.O. Box 140, 2415 Tincidunt Ave','mfrazier','LKN25WEG4HQ',1,'2001-03-22');
INSERT INTO Utilisateur(numUtilisateur,nom,prenom,age,adresse,login,motDePasse,numClub,dateLicense) VALUES(7,'Camilla','Maynard',89,'Ap #676-4587 Vestibulum Avenue','cmaynard','GJJ47CAK6YF',1,'1944-08-15');
INSERT INTO Utilisateur(numUtilisateur,nom,prenom,age,adresse,login,motDePasse,numClub,dateLicense) VALUES(8,'Oprah','Newman',89,'4283 Quis Street','onewman','KTM57ZUD2RE',1,'1944-04-24');
INSERT INTO Utilisateur(numUtilisateur,nom,prenom,age,adresse,login,motDePasse,numClub,dateLicense) VALUES(9,'Marshall','Le',72,'P.O. Box 331, 9186 Amet Ave','mle','CSP34YIE8BT',1,'1961-10-09');
INSERT INTO Utilisateur(numUtilisateur,nom,prenom,age,adresse,login,motDePasse,numClub,dateLicense) VALUES(10,'Eliana','Curtis',72,'310-3931 Fermentum St.','ecurtis','HLT33DBI5SN',1,'1961-02-19');
INSERT INTO Utilisateur(numUtilisateur,nom,prenom,age,adresse,login,motDePasse,numClub,dateLicense) VALUES(11,'Elmo','Gordon',53,'1474 Aliquam Ave','egordon','WGN38AFV2AX',2,'1980-12-23');
INSERT INTO Utilisateur(numUtilisateur,nom,prenom,age,adresse,login,motDePasse,numClub,dateLicense) VALUES(12,'Dustin','Stark',79,'Ap #872-1622 Suspendisse Av.','dstark','PVX74JEN7SF',2,'1954-05-16');
INSERT INTO Utilisateur(numUtilisateur,nom,prenom,age,adresse,login,motDePasse,numClub,dateLicense) VALUES(13,'Ella','Merritt',94,'7405 Aenean Avenue','emerritt','PZW42MYV5PM',2,'1939-02-14');
INSERT INTO Utilisateur(numUtilisateur,nom,prenom,age,adresse,login,motDePasse,numClub,dateLicense) VALUES(14,'Carson','Paul',44,'Ap #479-6896 Risus. Street','cpaul','YTV42YVU5IB',2,'1989-12-14');
INSERT INTO Utilisateur(numUtilisateur,nom,prenom,age,adresse,login,motDePasse,numClub,dateLicense) VALUES(15,'Eve','Ochoa',71,'278-1734 Malesuada Ave','eochoa','UUU52EJT6TV',2,'1962-04-20');
INSERT INTO Utilisateur(numUtilisateur,nom,prenom,age,adresse,login,motDePasse,numClub,dateLicense) VALUES(16,'Grady','Lynn',52,'Ap #968-5228 Congue Street','glynn','XXX76CTG5UE',2,'1981-09-01');
INSERT INTO Utilisateur(numUtilisateur,nom,prenom,age,adresse,login,motDePasse,numClub,dateLicense) VALUES(17,'Fallon','Stark',88,'Ap #106-510 Enim. Rd.','fstark','QPV91EJV2OE',2,'1945-11-03');
INSERT INTO Utilisateur(numUtilisateur,nom,prenom,age,adresse,login,motDePasse,numClub,dateLicense) VALUES(18,'Rahim','Mcneil',67,'3338 Ipsum Street','rmcneil','EQV68VVV0MV',2,'1966-05-12');
INSERT INTO Utilisateur(numUtilisateur,nom,prenom,age,adresse,login,motDePasse,numClub,dateLicense) VALUES(19,'Shaeleigh','Terry',45,'644-8156 Mollis. Rd.','sterry','WBJ59YIO6PD',2,'1988-05-14');
INSERT INTO Utilisateur(numUtilisateur,nom,prenom,age,adresse,login,motDePasse,numClub,dateLicense) VALUES(20,'Eve','Cannon',85,'278-1734 Malesuada Ave','ecannon','GTM32NLS8VJ',2,'1948-08-19');
INSERT INTO Utilisateur(numUtilisateur,nom,prenom,age,adresse,login,motDePasse,numClub,dateLicense) VALUES(21,'Ebony','Dejesus',98,'Ap #157-8468 Mauris, Rd.','edejesus','YLB15ABX1KM',3,'1935-11-13');
INSERT INTO Utilisateur(numUtilisateur,nom,prenom,age,adresse,login,motDePasse,numClub,dateLicense) VALUES(22,'Katelyn','Tate',36,'Ap #399-5431 Eget, St.','ktate','IGS55FPA7GF',3,'1997-10-08');
INSERT INTO Utilisateur(numUtilisateur,nom,prenom,age,adresse,login,motDePasse,numClub,dateLicense) VALUES(23,'Latifah','Bernard',77,'475-7242 Aliquet. St.','lbernard','SGZ27IKG1XE',3,'1956-03-08');
INSERT INTO Utilisateur(numUtilisateur,nom,prenom,age,adresse,login,motDePasse,numClub,dateLicense) VALUES(24,'Cadman','Cook',39,'430-7712 Vitae St.','ccook','XQR66LZB0FW',3,'1994-07-21');
INSERT INTO Utilisateur(numUtilisateur,nom,prenom,age,adresse,login,motDePasse,numClub,dateLicense) VALUES(25,'Sebastian','Herrera',26,'767-2142 Sem Rd.','sherrera','AOJ17JEL7OR',3,'2007-09-13');
INSERT INTO Utilisateur(numUtilisateur,nom,prenom,age,adresse,login,motDePasse,numClub,dateLicense) VALUES(26,'Imelda','Maldonado',66,'P.O. Box 798, 6100 Commodo Rd.','imaldonado','ROH65ESO7BU',3,'1967-07-02');
INSERT INTO Utilisateur(numUtilisateur,nom,prenom,age,adresse,login,motDePasse,numClub,dateLicense) VALUES(27,'Graham','Sherman',97,'101-1458 Ante Rd.','gsherman','PWB39SZD3IA',3,'1936-05-15');
INSERT INTO Utilisateur(numUtilisateur,nom,prenom,age,adresse,login,motDePasse,numClub,dateLicense) VALUES(28,'Rana','Molina',84,'Ap #327-9138 Viverra. Rd.','rmolina','SOR62BBV2FY',3,'1949-08-05');
INSERT INTO Utilisateur(numUtilisateur,nom,prenom,age,adresse,login,motDePasse,numClub,dateLicense) VALUES(29,'Cassidy','Frank',76,'292-9805 Egestas Avenue','cfrank','GTM32NLS8VJ',3,'1957-02-13');
INSERT INTO Utilisateur(numUtilisateur,nom,prenom,age,adresse,login,motDePasse,numClub,dateLicense) VALUES(30,'Lawrence','Webster',97,'Ap #882-6791 Rhoncus. St.','lwebster','ETZ73RTI4LW',3,'1936-02-15');
INSERT INTO Utilisateur(numUtilisateur,nom,prenom,age,adresse,login,motDePasse,numClub,dateLicense) VALUES(31,'Ryan','Cannon',31,'120-5944 Consequat, Rd.','rcannon','OAM85ZWA2BA',4,'2002-04-23');
INSERT INTO Utilisateur(numUtilisateur,nom,prenom,age,adresse,login,motDePasse,numClub,dateLicense) VALUES(32,'Amaya','Dejesus',88,'P.O. Box 293, 2571 Sit Road','adejesus','UHP66IAX2WW',4,'1945-02-03');
INSERT INTO Utilisateur(numUtilisateur,nom,prenom,age,adresse,login,motDePasse,numClub,dateLicense) VALUES(33,'Marsden','Hammond',32,'P.O. Box 632, 8194 Eu Av.','mhammond','RCP55ZKA4AO',4,'2001-09-05');
INSERT INTO Utilisateur(numUtilisateur,nom,prenom,age,adresse,login,motDePasse,numClub,dateLicense) VALUES(34,'Kylie','Eaton',44,'5944 Ligula. St.','keaton','PLK71VNN4ME',4,'1989-05-04');
INSERT INTO Utilisateur(numUtilisateur,nom,prenom,age,adresse,login,motDePasse,numClub,dateLicense) VALUES(35,'Yoko','Black',32,'P.O. Box 986, 3689 Quisque Av.','yblack','FOF19ONT0LN',4,'2001-05-05');
INSERT INTO Utilisateur(numUtilisateur,nom,prenom,age,adresse,login,motDePasse,numClub,dateLicense) VALUES(36,'Raja','Maldonado',93,'4619 Sem Street','rmaldonado','ZDC37QOE9TP',4,'1940-01-02');
INSERT INTO Utilisateur(numUtilisateur,nom,prenom,age,adresse,login,motDePasse,numClub,dateLicense) VALUES(37,'Colton','Barber',54,'Ap #572-4537 Cursus St.','cbarber','FGR19ISF8RQ',4,'1979-06-06');
INSERT INTO Utilisateur(numUtilisateur,nom,prenom,age,adresse,login,motDePasse,numClub,dateLicense) VALUES(38,'Neil','Preston',89,'Ap #350-6178 Donec Street','npreston','WMO68ESX2XS',4,'1944-01-25');
INSERT INTO Utilisateur(numUtilisateur,nom,prenom,age,adresse,login,motDePasse,numClub,dateLicense) VALUES(39,'Bethany','Miller',35,'P.O. Box 690, 8128 Dis Rd.','bmiller','KYN34CKW6RY',4,'1998-07-10');
INSERT INTO Utilisateur(numUtilisateur,nom,prenom,age,adresse,login,motDePasse,numClub,dateLicense) VALUES(40,'Mechelle','Underwood',81,'456 Feugiat Street','munderwood','RVP17PIW1JO',4,'1952-10-17');
INSERT INTO Utilisateur(numUtilisateur,nom,prenom,age,adresse,login,motDePasse,numClub,dateLicense) VALUES(41,'Asher','Crane',54,'2033 Feugiat. Avenue','acrane','XBX96WNC2BP',5,'1979-10-01');
INSERT INTO Utilisateur(numUtilisateur,nom,prenom,age,adresse,login,motDePasse,numClub,dateLicense) VALUES(42,'Dustin','Short',57,'459-1901 Cum St.','dshort','HKU74IIX2WR',5,'1976-12-04');
INSERT INTO Utilisateur(numUtilisateur,nom,prenom,age,adresse,login,motDePasse,numClub,dateLicense) VALUES(43,'Wallace','Cherry',89,'Ap #693-3624 Arcu. Av.','wcherry','FUQ18VYR5GT',5,'1944-05-13');
INSERT INTO Utilisateur(numUtilisateur,nom,prenom,age,adresse,login,motDePasse,numClub,dateLicense) VALUES(44,'Bevis','Buck',44,'520-1713 Facilisi. St.','bbuck','VJY07MIH8AI',5,'1989-01-22');
INSERT INTO Utilisateur(numUtilisateur,nom,prenom,age,adresse,login,motDePasse,numClub,dateLicense) VALUES(45,'Addison','Harding',48,'668-1014 Gravida Avenue','aharding','HHD00IAD8HK',5,'1985-12-10');
INSERT INTO Utilisateur(numUtilisateur,nom,prenom,age,adresse,login,motDePasse,numClub,dateLicense) VALUES(46,'Whitney','Frederick',69,'Ap #558-8427 Eget St.','wfrederick','RUP96YGN7KV',5,'1964-03-08');
INSERT INTO Utilisateur(numUtilisateur,nom,prenom,age,adresse,login,motDePasse,numClub,dateLicense) VALUES(47,'Preston','William',76,'Ap #194-2121 Sapien. Avenue','pwilliam','QID75XGY7BO',5,'1957-08-01');
INSERT INTO Utilisateur(numUtilisateur,nom,prenom,age,adresse,login,motDePasse,numClub,dateLicense) VALUES(48,'Nathan','Hubbard',46,'9068 Lorem Road','nhubbard','PLT61GWD4LF',5,'1987-09-08');
INSERT INTO Utilisateur(numUtilisateur,nom,prenom,age,adresse,login,motDePasse,numClub,dateLicense) VALUES(49,'Joseph','Murphy',50,'Ap #692-4445 Elementum Rd.','jmurphy','NDR82CEG2QB',5,'1983-11-16');
INSERT INTO Utilisateur(numUtilisateur,nom,prenom,age,adresse,login,motDePasse,numClub,dateLicense) VALUES(50,'Candice','Reynolds',34,'921-6324 Metus Road','creynolds','LML81TGN5ZE',5,'1999-01-25');
INSERT INTO Utilisateur(numUtilisateur,nom,prenom,age,adresse,login,motDePasse,numClub,dateLicense) VALUES(51,'Griffin','Hendricks',65,'Ap #305-5944 Pellentesque. St.','ghendricks','TGL92RBT2BU',6,'1968-02-13');
INSERT INTO Utilisateur(numUtilisateur,nom,prenom,age,adresse,login,motDePasse,numClub,dateLicense) VALUES(52,'Cruz','Benton',44,'Ap #375-5343 Eu Rd.','cbenton','XKO91KOL3VY',6,'1989-07-12');
INSERT INTO Utilisateur(numUtilisateur,nom,prenom,age,adresse,login,motDePasse,numClub,dateLicense) VALUES(53,'Daniel','Cooley',38,'P.O. Box 663, 6505 Volutpat. Ave','dcooley','MHK45EPP6ZI',6,'1995-04-06');
INSERT INTO Utilisateur(numUtilisateur,nom,prenom,age,adresse,login,motDePasse,numClub,dateLicense) VALUES(54,'Debra','Miranda',55,'5506 Commodo St.','dmiranda','KUQ22SHT4GP',6,'1978-11-16');
INSERT INTO Utilisateur(numUtilisateur,nom,prenom,age,adresse,login,motDePasse,numClub,dateLicense) VALUES(55,'Jesse','Patrick',77,'645 Nibh. Rd.','jpatrick','UGR81CJE9UU',6,'1956-10-10');
INSERT INTO Utilisateur(numUtilisateur,nom,prenom,age,adresse,login,motDePasse,numClub,dateLicense) VALUES(56,'Regina','Weaver',95,'850-4075 Eu, Street','rweaver','RMS24DYE7MO',6,'1938-04-03');
INSERT INTO Utilisateur(numUtilisateur,nom,prenom,age,adresse,login,motDePasse,numClub,dateLicense) VALUES(57,'Lana','Emerson',27,'789-7925 Etiam Ave','lemerson','KKU52XDC3JI',6,'2006-09-24');
INSERT INTO Utilisateur(numUtilisateur,nom,prenom,age,adresse,login,motDePasse,numClub,dateLicense) VALUES(58,'Brett','Morales',98,'Ap #925-7868 Mollis Road','bmorales','SSU47GLQ6HE',6,'1935-05-05');
INSERT INTO Utilisateur(numUtilisateur,nom,prenom,age,adresse,login,motDePasse,numClub,dateLicense) VALUES(59,'Arthur','Faulkner',39,'Ap #878-8742 Sapien Rd.','afaulkner','UJW78NAE1HB',6,'1994-02-02');
INSERT INTO Utilisateur(numUtilisateur,nom,prenom,age,adresse,login,motDePasse,numClub,dateLicense) VALUES(60,'Tyrone','Chapman',42,'953-2116 Rhoncus. Rd.','tchapman','COY24TJT7ZS',6,'1991-02-06');
INSERT INTO Utilisateur(numUtilisateur,nom,prenom,age,adresse,login,motDePasse,numClub,dateLicense) VALUES(61,'Tarik','Good',71,'5120 Integer Ave','tgood','YYU42RKC1DM',7,'1962-06-21');
INSERT INTO Utilisateur(numUtilisateur,nom,prenom,age,adresse,login,motDePasse,numClub,dateLicense) VALUES(62,'Glenna','Vincent',67,'5380 Et, St.','gvincent','EVK43AOS9TH',7,'1966-04-08');
INSERT INTO Utilisateur(numUtilisateur,nom,prenom,age,adresse,login,motDePasse,numClub,dateLicense) VALUES(63,'Ava','Mejia',34,'886-701 Eget Rd.','amejia','SMC53XDI2QY',7,'1999-10-09');
INSERT INTO Utilisateur(numUtilisateur,nom,prenom,age,adresse,login,motDePasse,numClub,dateLicense) VALUES(64,'Kibo','Jennings',57,'312-218 Malesuada St.','kjennings','SBQ85HDQ4CT',7,'1976-12-05');
INSERT INTO Utilisateur(numUtilisateur,nom,prenom,age,adresse,login,motDePasse,numClub,dateLicense) VALUES(65,'Whoopi','Sheppard',29,'Ap #576-8076 Turpis Street','wsheppard','OHU54WUP3WL',7,'2004-08-07');
INSERT INTO Utilisateur(numUtilisateur,nom,prenom,age,adresse,login,motDePasse,numClub,dateLicense) VALUES(66,'Jermaine','Dawson',83,'Ap #613-956 Morbi Rd.','jdawson','WBN46MHJ1UV',7,'1950-11-25');
INSERT INTO Utilisateur(numUtilisateur,nom,prenom,age,adresse,login,motDePasse,numClub,dateLicense) VALUES(67,'Ezra','Douglas',85,'8363 Adipiscing Rd.','edouglas','MDD28YAY8ZM',7,'1948-09-08');
INSERT INTO Utilisateur(numUtilisateur,nom,prenom,age,adresse,login,motDePasse,numClub,dateLicense) VALUES(68,'Ulysses','Beasley',65,'Ap #346-6411 Interdum. Rd.','ubeasley','MCV88ANQ4CT',7,'1968-01-09');
INSERT INTO Utilisateur(numUtilisateur,nom,prenom,age,adresse,login,motDePasse,numClub,dateLicense) VALUES(69,'Maggy','Henry',61,'Ap #286-4372 Ligula Street','mhenry','QCX37EOW7IE',7,'1972-05-07');
INSERT INTO Utilisateur(numUtilisateur,nom,prenom,age,adresse,login,motDePasse,numClub,dateLicense) VALUES(70,'Tarik','Branch',49,'P.O. Box 102, 2856 Gravida Avenue','tbranch','TDX83YTT3PE',7,'1984-01-23');
INSERT INTO Utilisateur(numUtilisateur,nom,prenom,age,adresse,login,motDePasse,numClub,dateLicense) VALUES(71,'Natalie','Decker',69,'973-2533 Mollis Rd.','ndecker','TJV61LQF5HO',8,'1964-03-04');
INSERT INTO Utilisateur(numUtilisateur,nom,prenom,age,adresse,login,motDePasse,numClub,dateLicense) VALUES(72,'Julie','Long',86,'P.O. Box 912, 3297 Vivamus Ave','jlong','WYE44QNC6NU',8,'1947-07-20');
INSERT INTO Utilisateur(numUtilisateur,nom,prenom,age,adresse,login,motDePasse,numClub,dateLicense) VALUES(73,'Cullen','Lynch',31,'509-5871 Eu, St.','clynch','JXT62VUC2LY',8,'2002-11-08');
INSERT INTO Utilisateur(numUtilisateur,nom,prenom,age,adresse,login,motDePasse,numClub,dateLicense) VALUES(74,'Jemima','George',57,'Ap #546-5854 Aliquet Street','jgeorge','WVI85FNV2FK',8,'1976-03-02');
INSERT INTO Utilisateur(numUtilisateur,nom,prenom,age,adresse,login,motDePasse,numClub,dateLicense) VALUES(75,'Eaton','Mendoza',37,'884-3939 Non, Rd.','emendoza','GZW47WHT6ED',8,'1996-06-06');
INSERT INTO Utilisateur(numUtilisateur,nom,prenom,age,adresse,login,motDePasse,numClub,dateLicense) VALUES(76,'Oren','Blanchard',35,'522-6502 Lacinia Rd.','oblanchard','VJU44GYR7FF',8,'1998-11-21');
INSERT INTO Utilisateur(numUtilisateur,nom,prenom,age,adresse,login,motDePasse,numClub,dateLicense) VALUES(77,'Dorothy','Middleton',45,'844-465 Aliquam St.','dmiddleton','OHS03VPR6HA',8,'1988-01-03');
INSERT INTO Utilisateur(numUtilisateur,nom,prenom,age,adresse,login,motDePasse,numClub,dateLicense) VALUES(78,'Thaddeus','O connor',64,'114-2781 Interdum St.','to connor','JGY50OTW5FN',8,'1969-05-17');
INSERT INTO Utilisateur(numUtilisateur,nom,prenom,age,adresse,login,motDePasse,numClub,dateLicense) VALUES(79,'Brenden','Tyler',42,'736-6074 Eu, Road','btyler','YDM67BKH8RN',8,'1991-06-21');
INSERT INTO Utilisateur(numUtilisateur,nom,prenom,age,adresse,login,motDePasse,numClub,dateLicense) VALUES(80,'Meghan','Rich',33,'Ap #816-8171 Blandit Road','mrich','KHO56CFS8RF',8,'2000-03-13');
INSERT INTO Utilisateur(numUtilisateur,nom,prenom,age,adresse,login,motDePasse,numClub,dateLicense) VALUES(81,'Elaine','Cardenas',41,'6159 Risus. Rd.','ecardenas','VCF37QLW8CC',9,'1992-05-07');
INSERT INTO Utilisateur(numUtilisateur,nom,prenom,age,adresse,login,motDePasse,numClub,dateLicense) VALUES(82,'Shafira','Lane',47,'666-7672 Commodo Av.','slane','XEP88UNI7SC',9,'1986-05-21');
INSERT INTO Utilisateur(numUtilisateur,nom,prenom,age,adresse,login,motDePasse,numClub,dateLicense) VALUES(83,'Micah','Myers',45,'9831 Porttitor Rd.','mmyers','EJT74JYU6GG',9,'1988-05-21');
INSERT INTO Utilisateur(numUtilisateur,nom,prenom,age,adresse,login,motDePasse,numClub,dateLicense) VALUES(84,'Damon','Kirkland',39,'Ap #325-6046 Orci, Street','dkirkland','RXS09YCD4NY',9,'1994-02-03');
INSERT INTO Utilisateur(numUtilisateur,nom,prenom,age,adresse,login,motDePasse,numClub,dateLicense) VALUES(85,'Joel','Patterson',31,'Ap #407-1596 Ut Ave','jpatterson','VYX11CLU1HV',9,'2002-06-08');
INSERT INTO Utilisateur(numUtilisateur,nom,prenom,age,adresse,login,motDePasse,numClub,dateLicense) VALUES(86,'Ulla','Sargent',82,'P.O. Box 273, 5833 Porta Rd.','usargent','GVA17QNX3HP',9,'1951-05-20');
INSERT INTO Utilisateur(numUtilisateur,nom,prenom,age,adresse,login,motDePasse,numClub,dateLicense) VALUES(87,'Dane','Colon',71,'869-9337 Diam. Road','dcolon','LBL25KSW0DY',9,'1962-08-22');
INSERT INTO Utilisateur(numUtilisateur,nom,prenom,age,adresse,login,motDePasse,numClub,dateLicense) VALUES(88,'Shea','Mccullough',77,'Ap #446-4784 Arcu Street','smccullough','JDR35GRQ2MO',9,'1956-04-07');
INSERT INTO Utilisateur(numUtilisateur,nom,prenom,age,adresse,login,motDePasse,numClub,dateLicense) VALUES(89,'Valentine','Parsons',31,'8246 Eu, St.','vparsons','VNG44MFQ3KI',9,'2002-02-11');
INSERT INTO Utilisateur(numUtilisateur,nom,prenom,age,adresse,login,motDePasse,numClub,dateLicense) VALUES(90,'Venus','Pena',64,'9335 Odio. Street','vpena','YEL52PBP5CQ',9,'1969-07-25');
INSERT INTO Utilisateur(numUtilisateur,nom,prenom,age,adresse,login,motDePasse,numClub,dateLicense) VALUES(91,'Rebecca','Vaughan',34,'Ap #420-5887 Cras Rd.','rvaughan','UHR05XTZ6SO',10,'1999-03-07');
INSERT INTO Utilisateur(numUtilisateur,nom,prenom,age,adresse,login,motDePasse,numClub,dateLicense) VALUES(92,'Ulric','Rodgers',57,'636-7551 Mauris. St.','urodgers','IYV46EYD1GI',10,'1976-03-15');
INSERT INTO Utilisateur(numUtilisateur,nom,prenom,age,adresse,login,motDePasse,numClub,dateLicense) VALUES(93,'Kay','Warner',25,'441-3296 Sem. Ave','kwarner','LJN23VRP6DX',10,'2008-03-11');
INSERT INTO Utilisateur(numUtilisateur,nom,prenom,age,adresse,login,motDePasse,numClub,dateLicense) VALUES(94,'Harding','Craig',26,'P.O. Box 790, 2299 Tellus, Rd.','hcraig','YFS04IIU7FB',10,'2007-09-12');
INSERT INTO Utilisateur(numUtilisateur,nom,prenom,age,adresse,login,motDePasse,numClub,dateLicense) VALUES(95,'Dorothy','Phelps',76,'Ap #426-266 Dolor. St.','dphelps','LBU22DDB7KX',10,'1957-12-03');
INSERT INTO Utilisateur(numUtilisateur,nom,prenom,age,adresse,login,motDePasse,numClub,dateLicense) VALUES(96,'Lisandra','Fox',75,'Ap #144-9089 Vel St.','lfox','IKH21RVP5JJ',10,'1958-08-14');
INSERT INTO Utilisateur(numUtilisateur,nom,prenom,age,adresse,login,motDePasse,numClub,dateLicense) VALUES(97,'Thomas','Harrell',36,'263-8410 Nunc Road','tharrell','NQQ93NXO6MX',10,'1997-07-17');
INSERT INTO Utilisateur(numUtilisateur,nom,prenom,age,adresse,login,motDePasse,numClub,dateLicense) VALUES(98,'Kevin','Mcconnell',81,'8117 Nam St.','kmcconnell','MLC22BFG5TJ',10,'1952-05-20');
INSERT INTO Utilisateur(numUtilisateur,nom,prenom,age,adresse,login,motDePasse,numClub,dateLicense) VALUES(99,'Indigo','Miranda',31,'7780 Ipsum. Rd.','imiranda','EBQ54IHN5CS',10,'2002-01-15');
INSERT INTO Utilisateur(numUtilisateur,nom,prenom,age,adresse,login,motDePasse,numClub,dateLicense) VALUES(100,'Zenaida','Sutton',36,'139-1448 Fringilla, Street','zsutton','JQL63BNL3IV',10,'1997-05-08');
INSERT INTO Utilisateur(numUtilisateur,nom,prenom,age,adresse,login,motDePasse,numClub,dateLicense) VALUES(101,'Hadley','Keller',84,'Ap #971-274 Auctor, Av.','hkeller','ZJT10KNK4YV',11,'1949-11-10');
INSERT INTO Utilisateur(numUtilisateur,nom,prenom,age,adresse,login,motDePasse,numClub,dateLicense) VALUES(102,'Aspen','Bean',38,'621-6021 Parturient St.','abean','RNR48LQI0HV',11,'1995-09-15');
INSERT INTO Utilisateur(numUtilisateur,nom,prenom,age,adresse,login,motDePasse,numClub,dateLicense) VALUES(103,'Ulysses','Mckee',38,'Ap #428-658 Lorem Avenue','umckee','QXI79KGG8RE',11,'1995-11-13');
INSERT INTO Utilisateur(numUtilisateur,nom,prenom,age,adresse,login,motDePasse,numClub,dateLicense) VALUES(104,'Kirby','Ashley',99,'Ap #676-3214 Lobortis Ave','kashley','SNV86LVL9VD',11,'1934-04-14');
INSERT INTO Utilisateur(numUtilisateur,nom,prenom,age,adresse,login,motDePasse,numClub,dateLicense) VALUES(105,'Tucker','Hubbard',87,'Ap #195-5994 Dui Av.','thubbard','ZJV64PKJ9IZ',11,'1946-11-04');
INSERT INTO Utilisateur(numUtilisateur,nom,prenom,age,adresse,login,motDePasse,numClub,dateLicense) VALUES(106,'Austin','Michael',51,'Ap #355-8959 Scelerisque St.','amichael','NCN76KZP6IV',11,'1982-06-22');
INSERT INTO Utilisateur(numUtilisateur,nom,prenom,age,adresse,login,motDePasse,numClub,dateLicense) VALUES(107,'Nerea','Ortiz',49,'P.O. Box 408, 391 Lacus Ave','nortiz','HHB84ULC4QK',11,'1984-12-08');
INSERT INTO Utilisateur(numUtilisateur,nom,prenom,age,adresse,login,motDePasse,numClub,dateLicense) VALUES(108,'Cora','England',31,'Ap #937-7740 Phasellus Avenue','cengland','SQT33OPW8KQ',11,'2002-08-11');
INSERT INTO Utilisateur(numUtilisateur,nom,prenom,age,adresse,login,motDePasse,numClub,dateLicense) VALUES(109,'Tallulah','Patrick',99,'3484 Consectetuer Rd.','tpatrick','UOP60LFF6SL',11,'1934-11-19');
INSERT INTO Utilisateur(numUtilisateur,nom,prenom,age,adresse,login,motDePasse,numClub,dateLicense) VALUES(110,'Maile','Franks',80,'Ap #166-5525 Eget Av.','mfranks','NHJ34YIB0MH',11,'1953-12-06');
INSERT INTO Utilisateur(numUtilisateur,nom,prenom,age,adresse,login,motDePasse,numClub,dateLicense) VALUES(111,'Zenia','Bean',93,'P.O. Box 832, 407 Mauris Av.','zbean','FTZ51PIE4HS',12,'1940-07-20');
INSERT INTO Utilisateur(numUtilisateur,nom,prenom,age,adresse,login,motDePasse,numClub,dateLicense) VALUES(112,'Keelie','Sloan',86,'171-686 Cursus Street','ksloan','HXN54IUO1CI',12,'1947-07-11');
INSERT INTO Utilisateur(numUtilisateur,nom,prenom,age,adresse,login,motDePasse,numClub,dateLicense) VALUES(113,'Valentine','Shaw',38,'389-139 Risus. Rd.','vshaw','DGT71MUR5GM',12,'1995-01-13');
INSERT INTO Utilisateur(numUtilisateur,nom,prenom,age,adresse,login,motDePasse,numClub,dateLicense) VALUES(114,'Kim','Spears',29,'P.O. Box 823, 3498 Enim Avenue','kspears','UMK08UTF3MO',12,'2004-02-01');
INSERT INTO Utilisateur(numUtilisateur,nom,prenom,age,adresse,login,motDePasse,numClub,dateLicense) VALUES(115,'Addison','Erickson',87,'668-8041 Dignissim Ave','aerickson','QYP47UIL3NB',12,'1946-04-26');
INSERT INTO Utilisateur(numUtilisateur,nom,prenom,age,adresse,login,motDePasse,numClub,dateLicense) VALUES(116,'Barclay','Marshall',78,'P.O. Box 988, 1381 Scelerisque St.','bmarshall','QUX27IMS2MN',12,'1955-06-13');
INSERT INTO Utilisateur(numUtilisateur,nom,prenom,age,adresse,login,motDePasse,numClub,dateLicense) VALUES(117,'Isaac','Parks',50,'6928 Magna. St.','iparks','CLL35HHY5IN',12,'1983-06-03');
INSERT INTO Utilisateur(numUtilisateur,nom,prenom,age,adresse,login,motDePasse,numClub,dateLicense) VALUES(118,'Addison','Lyons',85,'490-1376 Nec, Avenue','alyons','RUW78KGV1GM',12,'1948-08-25');
INSERT INTO Utilisateur(numUtilisateur,nom,prenom,age,adresse,login,motDePasse,numClub,dateLicense) VALUES(119,'Isadora','Booth',93,'Ap #852-6514 Ut, Rd.','ibooth','FTL38VES7BN',12,'1940-08-16');
INSERT INTO Utilisateur(numUtilisateur,nom,prenom,age,adresse,login,motDePasse,numClub,dateLicense) VALUES(120,'Levi','Gross',77,'Ap #854-4211 Senectus St.','lgross','VLO72LJV7NW',12,'1956-03-06');
INSERT INTO Utilisateur(numUtilisateur,nom,prenom,age,adresse,login,motDePasse,numClub,dateLicense) VALUES(121,'Sonia','Sampson',52,'8793 Lorem Rd.','ssampson','XLL21FPB6FX',13,'1981-02-13');
INSERT INTO Utilisateur(numUtilisateur,nom,prenom,age,adresse,login,motDePasse,numClub,dateLicense) VALUES(122,'Joelle','Hopkins',81,'997-5795 Dignissim Av.','jhopkins','LPY11RJB5UX',13,'1952-04-13');
INSERT INTO Utilisateur(numUtilisateur,nom,prenom,age,adresse,login,motDePasse,numClub,dateLicense) VALUES(123,'Yoshio','Love',34,'P.O. Box 741, 3628 Sed Ave','ylove','EOG80DWV5AU',13,'1999-12-14');
INSERT INTO Utilisateur(numUtilisateur,nom,prenom,age,adresse,login,motDePasse,numClub,dateLicense) VALUES(124,'Camden','Combs',56,'146-9093 Elit Avenue','ccombs','XJG64DKU9UD',13,'1977-06-03');
INSERT INTO Utilisateur(numUtilisateur,nom,prenom,age,adresse,login,motDePasse,numClub,dateLicense) VALUES(125,'Byron','Lucas',75,'Ap #434-7325 Massa. Rd.','blucas','BQM84SHV3IC',13,'1958-11-10');
INSERT INTO Utilisateur(numUtilisateur,nom,prenom,age,adresse,login,motDePasse,numClub,dateLicense) VALUES(126,'Akeem','Clements',95,'300-6638 Est, Street','aclements','DML44MHP8OB',13,'1938-02-17');
INSERT INTO Utilisateur(numUtilisateur,nom,prenom,age,adresse,login,motDePasse,numClub,dateLicense) VALUES(127,'Raymond','Terry',36,'981-2364 Morbi Rd.','rterry','UTH82CSF6RD',13,'1997-12-09');
INSERT INTO Utilisateur(numUtilisateur,nom,prenom,age,adresse,login,motDePasse,numClub,dateLicense) VALUES(128,'Bruno','Young',50,'1732 Sapien, Rd.','byoung','XQY32EPL5UR',13,'1983-11-22');
INSERT INTO Utilisateur(numUtilisateur,nom,prenom,age,adresse,login,motDePasse,numClub,dateLicense) VALUES(129,'Reed','Romero',52,'P.O. Box 697, 7378 In St.','rromero','KOS17NNG7BC',13,'1981-03-23');
INSERT INTO Utilisateur(numUtilisateur,nom,prenom,age,adresse,login,motDePasse,numClub,dateLicense) VALUES(130,'Dustin','Marquez',66,'365-9698 Arcu. Av.','dmarquez','DMS13UHT2DW',13,'1967-10-08');
INSERT INTO Utilisateur(numUtilisateur,nom,prenom,age,adresse,login,motDePasse,numClub,dateLicense) VALUES(131,'Cain','Mills',78,'P.O. Box 734, 7611 Ac Rd.','cmills','OPH60GXS7YZ',14,'1955-07-22');
INSERT INTO Utilisateur(numUtilisateur,nom,prenom,age,adresse,login,motDePasse,numClub,dateLicense) VALUES(132,'Remedios','Carr',93,'Ap #883-5580 Enim Av.','rcarr','EBK77MPO4WG',14,'1940-01-06');
INSERT INTO Utilisateur(numUtilisateur,nom,prenom,age,adresse,login,motDePasse,numClub,dateLicense) VALUES(133,'Alexa','Middleton',93,'Ap #371-4935 Non, Street','amiddleton','YOL81LMH6GE',14,'1940-10-24');
INSERT INTO Utilisateur(numUtilisateur,nom,prenom,age,adresse,login,motDePasse,numClub,dateLicense) VALUES(134,'Cameron','Martinez',71,'Ap #314-2068 Nunc. Av.','cmartinez','VDF47WHN4VF',14,'1962-02-09');
INSERT INTO Utilisateur(numUtilisateur,nom,prenom,age,adresse,login,motDePasse,numClub,dateLicense) VALUES(135,'Cadman','Briggs',69,'Ap #441-4956 Orci St.','cbriggs','RDW43BMK6SD',14,'1964-08-04');
INSERT INTO Utilisateur(numUtilisateur,nom,prenom,age,adresse,login,motDePasse,numClub,dateLicense) VALUES(136,'Vincent','Santiago',30,'Ap #254-2723 Eros. Road','vsantiago','HWL85BUJ8HL',14,'2003-05-15');
INSERT INTO Utilisateur(numUtilisateur,nom,prenom,age,adresse,login,motDePasse,numClub,dateLicense) VALUES(137,'Urielle','Taylor',43,'Ap #864-8150 Sit Rd.','utaylor','ZOJ46BHS4GO',14,'1990-10-11');
INSERT INTO Utilisateur(numUtilisateur,nom,prenom,age,adresse,login,motDePasse,numClub,dateLicense) VALUES(138,'Scarlet','Sweet',76,'894-5743 Malesuada Street','ssweet','VDT34WLY3GA',14,'1957-02-18');
INSERT INTO Utilisateur(numUtilisateur,nom,prenom,age,adresse,login,motDePasse,numClub,dateLicense) VALUES(139,'Raya','Leonard',82,'Ap #982-1910 Cras Rd.','rleonard','LFL19FSQ4CE',14,'1951-10-04');
INSERT INTO Utilisateur(numUtilisateur,nom,prenom,age,adresse,login,motDePasse,numClub,dateLicense) VALUES(140,'Wilma','Mclaughlin',72,'P.O. Box 207, 1871 Interdum Street','wmclaughlin','VRC41TJE2QS',14,'1961-07-04');
INSERT INTO Utilisateur(numUtilisateur,nom,prenom,age,adresse,login,motDePasse,numClub,dateLicense) VALUES(141,'Myles','Walton',84,'Ap #964-3000 Tempus, Ave','mwalton','RFM32DVB7WF',15,'1949-12-16');
INSERT INTO Utilisateur(numUtilisateur,nom,prenom,age,adresse,login,motDePasse,numClub,dateLicense) VALUES(142,'Cara','Lawrence',56,'P.O. Box 867, 132 Ut Av.','clawrence','UMD17LLZ8UH',15,'1977-10-15');
INSERT INTO Utilisateur(numUtilisateur,nom,prenom,age,adresse,login,motDePasse,numClub,dateLicense) VALUES(143,'Noah','Joyner',76,'Ap #173-396 Egestas. Ave','njoyner','FKS21FMP4NK',15,'1957-04-01');
INSERT INTO Utilisateur(numUtilisateur,nom,prenom,age,adresse,login,motDePasse,numClub,dateLicense) VALUES(144,'Renee','Greene',53,'7342 Montes, Road','rgreene','FVA04RIY5WX',15,'1980-05-21');
INSERT INTO Utilisateur(numUtilisateur,nom,prenom,age,adresse,login,motDePasse,numClub,dateLicense) VALUES(145,'Michael','Bowers',34,'645 Fusce Rd.','mbowers','AGC53BRC9MM',15,'1999-04-19');
INSERT INTO Utilisateur(numUtilisateur,nom,prenom,age,adresse,login,motDePasse,numClub,dateLicense) VALUES(146,'Lareina','Todd',80,'Ap #294-2842 Sit St.','ltodd','PMN46CBI9CS',15,'1953-12-15');
INSERT INTO Utilisateur(numUtilisateur,nom,prenom,age,adresse,login,motDePasse,numClub,dateLicense) VALUES(147,'Quamar','Carney',78,'Ap #792-8395 Mi, Rd.','qcarney','EGA42KYE7EK',15,'1955-04-07');
INSERT INTO Utilisateur(numUtilisateur,nom,prenom,age,adresse,login,motDePasse,numClub,dateLicense) VALUES(148,'Zelenia','Christensen',99,'823-2288 Tincidunt Rd.','zchristensen','HLM52GSK4ZW',15,'1934-03-03');
INSERT INTO Utilisateur(numUtilisateur,nom,prenom,age,adresse,login,motDePasse,numClub,dateLicense) VALUES(149,'Eaton','Elliott',41,'423-8783 Lacinia Av.','eelliott','OMQ80EQI2DB',15,'1992-12-04');
INSERT INTO Utilisateur(numUtilisateur,nom,prenom,age,adresse,login,motDePasse,numClub,dateLicense) VALUES(150,'Macy','Duncan',27,'955-1380 In Street','mduncan','SGQ69NSJ8JJ',15,'2006-07-15');
INSERT INTO Utilisateur(numUtilisateur,nom,prenom,age,adresse,login,motDePasse,numClub,dateLicense) VALUES(151,'Hamish','Richards',61,'P.O. Box 569, 4417 Sagittis Street','hrichards','UWL61FCF2CX',16,'1972-03-22');
INSERT INTO Utilisateur(numUtilisateur,nom,prenom,age,adresse,login,motDePasse,numClub,dateLicense) VALUES(152,'Seth','Armstrong',98,'1378 Ante. Road','sarmstrong','TRA58IMS6HO',16,'1935-05-11');
INSERT INTO Utilisateur(numUtilisateur,nom,prenom,age,adresse,login,motDePasse,numClub,dateLicense) VALUES(153,'Pascale','Rollins',92,'287-2663 Magna. Road','prollins','RDB68ZXW2JQ',16,'1941-08-26');
INSERT INTO Utilisateur(numUtilisateur,nom,prenom,age,adresse,login,motDePasse,numClub,dateLicense) VALUES(154,'Liberty','Clayton',32,'5291 Odio, Avenue','lclayton','CMH35FTV7ED',16,'2001-07-17');
INSERT INTO Utilisateur(numUtilisateur,nom,prenom,age,adresse,login,motDePasse,numClub,dateLicense) VALUES(155,'Carla','Ramos',66,'Ap #525-3705 Sit St.','cramos','PTH31BJP3HI',16,'1967-05-09');
INSERT INTO Utilisateur(numUtilisateur,nom,prenom,age,adresse,login,motDePasse,numClub,dateLicense) VALUES(156,'Giacomo','Ramos',87,'5179 Libero Avenue','gramos','CBJ57OUB7YX',16,'1946-06-12');
INSERT INTO Utilisateur(numUtilisateur,nom,prenom,age,adresse,login,motDePasse,numClub,dateLicense) VALUES(157,'Xyla','Mcdonald',93,'149-5346 Sem Street','xmcdonald','MSC50IQK8RW',16,'1940-02-16');
INSERT INTO Utilisateur(numUtilisateur,nom,prenom,age,adresse,login,motDePasse,numClub,dateLicense) VALUES(158,'Kristen','Dennis',77,'Ap #734-8143 Ultricies St.','kdennis','DTJ68KXT3NF',16,'1956-03-06');
INSERT INTO Utilisateur(numUtilisateur,nom,prenom,age,adresse,login,motDePasse,numClub,dateLicense) VALUES(159,'Amanda','Ramirez',31,'501-8835 In Rd.','aramirez','ZCJ72VIV6MT',16,'2002-10-14');
INSERT INTO Utilisateur(numUtilisateur,nom,prenom,age,adresse,login,motDePasse,numClub,dateLicense) VALUES(160,'Yuli','Hinton',61,'8237 Felis Ave','yhinton','WSJ97DKL7OW',16,'1972-05-01');
INSERT INTO Utilisateur(numUtilisateur,nom,prenom,age,adresse,login,motDePasse,numClub,dateLicense) VALUES(161,'Elvis','Hull',91,'P.O. Box 679, 8198 Convallis Rd.','ehull','HEQ52VSC5ML',17,'1942-08-03');
INSERT INTO Utilisateur(numUtilisateur,nom,prenom,age,adresse,login,motDePasse,numClub,dateLicense) VALUES(162,'Tanner','Fuentes',92,'Ap #706-5085 Non Rd.','tfuentes','ZOP73YWB8MM',17,'1941-11-02');
INSERT INTO Utilisateur(numUtilisateur,nom,prenom,age,adresse,login,motDePasse,numClub,dateLicense) VALUES(163,'Desirae','Cantrell',48,'992-6895 Imperdiet St.','dcantrell','KXW83NKS7HP',17,'1985-09-18');
INSERT INTO Utilisateur(numUtilisateur,nom,prenom,age,adresse,login,motDePasse,numClub,dateLicense) VALUES(164,'Fulton','Witt',54,'8350 Ullamcorper St.','fwitt','EKM28NCF8FK',17,'1979-12-11');
INSERT INTO Utilisateur(numUtilisateur,nom,prenom,age,adresse,login,motDePasse,numClub,dateLicense) VALUES(165,'May','Cooley',36,'316-7682 Vitae Ave','mcooley','SXF06GCT4DB',17,'1997-02-21');
INSERT INTO Utilisateur(numUtilisateur,nom,prenom,age,adresse,login,motDePasse,numClub,dateLicense) VALUES(166,'Desiree','Mccarty',25,'490-7926 Dui. Road','dmccarty','BJE45RVC3YO',17,'2008-01-17');
INSERT INTO Utilisateur(numUtilisateur,nom,prenom,age,adresse,login,motDePasse,numClub,dateLicense) VALUES(167,'Orla','Whitehead',27,'455-9236 Felis St.','owhitehead','WCA58ILD5NL',17,'2006-04-10');
INSERT INTO Utilisateur(numUtilisateur,nom,prenom,age,adresse,login,motDePasse,numClub,dateLicense) VALUES(168,'Levi','Walton',55,'982-5094 Sit Ave','lwalton','TFH78ZUF6CW',17,'1978-10-10');
INSERT INTO Utilisateur(numUtilisateur,nom,prenom,age,adresse,login,motDePasse,numClub,dateLicense) VALUES(169,'Cameran','Arnold',52,'Ap #107-3386 A, Street','carnold','OYV95KXO3HV',17,'1981-06-19');
INSERT INTO Utilisateur(numUtilisateur,nom,prenom,age,adresse,login,motDePasse,numClub,dateLicense) VALUES(170,'Zachery','Bradshaw',80,'2777 Eu Rd.','zbradshaw','ZPQ41SNV6EF',17,'1953-02-15');
INSERT INTO Utilisateur(numUtilisateur,nom,prenom,age,adresse,login,motDePasse,numClub,dateLicense) VALUES(171,'Ignatius','Allen',80,'853-1140 Risus. Street','iallen','HET55IRP7BC',18,'1953-01-11');
INSERT INTO Utilisateur(numUtilisateur,nom,prenom,age,adresse,login,motDePasse,numClub,dateLicense) VALUES(172,'Jacob','Wilkerson',71,'P.O. Box 756, 3840 Ullamcorper St.','jwilkerson','YYD23WXM0SV',18,'1962-03-14');
INSERT INTO Utilisateur(numUtilisateur,nom,prenom,age,adresse,login,motDePasse,numClub,dateLicense) VALUES(173,'Brynne','Valdez',32,'Ap #481-7888 Magna. St.','bvaldez','NPO12CYE3LY',18,'2001-12-15');
INSERT INTO Utilisateur(numUtilisateur,nom,prenom,age,adresse,login,motDePasse,numClub,dateLicense) VALUES(174,'Guinevere','Moss',76,'Ap #861-7341 Risus. Rd.','gmoss','JNN74XSV7AP',18,'1957-10-17');
INSERT INTO Utilisateur(numUtilisateur,nom,prenom,age,adresse,login,motDePasse,numClub,dateLicense) VALUES(175,'Ariana','Baker',90,'3971 Hendrerit. Avenue','abaker','KNW16UBA1NC',18,'1943-11-02');
INSERT INTO Utilisateur(numUtilisateur,nom,prenom,age,adresse,login,motDePasse,numClub,dateLicense) VALUES(176,'Anastasia','Rodgers',40,'P.O. Box 580, 1991 Sollicitudin Rd.','arodgers','UCP24ETR7NB',18,'1993-04-26');
INSERT INTO Utilisateur(numUtilisateur,nom,prenom,age,adresse,login,motDePasse,numClub,dateLicense) VALUES(177,'Charlotte','Baird',62,'P.O. Box 217, 7869 Eros Avenue','cbaird','KPH58WPU3UW',18,'1971-08-17');
INSERT INTO Utilisateur(numUtilisateur,nom,prenom,age,adresse,login,motDePasse,numClub,dateLicense) VALUES(178,'Brynne','Spence',86,'Ap #881-7279 Lectus Rd.','bspence','SLW12ODD2AN',18,'1947-03-22');
INSERT INTO Utilisateur(numUtilisateur,nom,prenom,age,adresse,login,motDePasse,numClub,dateLicense) VALUES(179,'Stone','Maynard',41,'Ap #348-7379 Pede. Road','smaynard','VOA83RRT4HS',18,'1992-10-16');
INSERT INTO Utilisateur(numUtilisateur,nom,prenom,age,adresse,login,motDePasse,numClub,dateLicense) VALUES(180,'Brynne','Frank',80,'424-1721 Mollis St.','bfrank','KTU22KQP5HG',18,'1953-05-18');
INSERT INTO Utilisateur(numUtilisateur,nom,prenom,age,adresse,login,motDePasse,numClub,dateLicense) VALUES(181,'Scarlet','Mcclain',25,'249-6353 Sit Rd.','smcclain','JJY33FHX6IO',19,'2008-10-03');
INSERT INTO Utilisateur(numUtilisateur,nom,prenom,age,adresse,login,motDePasse,numClub,dateLicense) VALUES(182,'Yetta','Ross',31,'558-7477 Mi Rd.','yross','WBQ60FWI3HS',19,'2002-09-23');
INSERT INTO Utilisateur(numUtilisateur,nom,prenom,age,adresse,login,motDePasse,numClub,dateLicense) VALUES(183,'Oren','Kramer',29,'Ap #664-9077 Dui, Street','okramer','GMU10PHY7IX',19,'2004-02-07');
INSERT INTO Utilisateur(numUtilisateur,nom,prenom,age,adresse,login,motDePasse,numClub,dateLicense) VALUES(184,'Ira','Dodson',74,'P.O. Box 889, 1513 Rhoncus. Road','idodson','YJF21TFE2DF',19,'1959-06-13');
INSERT INTO Utilisateur(numUtilisateur,nom,prenom,age,adresse,login,motDePasse,numClub,dateLicense) VALUES(185,'Hop','Benjamin',27,'2015 Penatibus St.','hbenjamin','GXV13KRA4WT',19,'2006-02-06');
INSERT INTO Utilisateur(numUtilisateur,nom,prenom,age,adresse,login,motDePasse,numClub,dateLicense) VALUES(186,'Laith','Graves',63,'2735 Ut Rd.','lgraves','EAP62UNH7VO',19,'1970-01-20');
INSERT INTO Utilisateur(numUtilisateur,nom,prenom,age,adresse,login,motDePasse,numClub,dateLicense) VALUES(187,'Melinda','Short',76,'P.O. Box 513, 9909 Lectus Av.','mshort','JGH85JEW3RT',19,'1957-05-14');
INSERT INTO Utilisateur(numUtilisateur,nom,prenom,age,adresse,login,motDePasse,numClub,dateLicense) VALUES(188,'Rylee','Gardner',38,'P.O. Box 473, 2271 Justo Av.','rgardner','TKM33UOG4OG',19,'1995-04-19');
INSERT INTO Utilisateur(numUtilisateur,nom,prenom,age,adresse,login,motDePasse,numClub,dateLicense) VALUES(189,'Leandra','Yates',36,'5143 Mauris St.','lyates','QRG92DJQ7TZ',19,'1997-01-03');
INSERT INTO Utilisateur(numUtilisateur,nom,prenom,age,adresse,login,motDePasse,numClub,dateLicense) VALUES(190,'Harlan','Cleveland',67,'Ap #866-8392 Ultrices St.','hcleveland','FXS88DDP7VG',19,'1966-01-17');
INSERT INTO Utilisateur(numUtilisateur,nom,prenom,age,adresse,login,motDePasse,numClub,dateLicense) VALUES(191,'Eaton','Russell',93,'Ap #523-7396 Rhoncus. Street','erussell','SDW87KPO6WC',20,'1940-07-18');
INSERT INTO Utilisateur(numUtilisateur,nom,prenom,age,adresse,login,motDePasse,numClub,dateLicense) VALUES(192,'Sage','Lamb',67,'Ap #589-5238 Aliquet St.','slamb','TCP72TDG0XD',20,'1966-04-26');
INSERT INTO Utilisateur(numUtilisateur,nom,prenom,age,adresse,login,motDePasse,numClub,dateLicense) VALUES(193,'Melanie','Spears',96,'Ap #968-6124 Libero Avenue','mspears','SUG78MVP0BN',20,'1937-08-08');
INSERT INTO Utilisateur(numUtilisateur,nom,prenom,age,adresse,login,motDePasse,numClub,dateLicense) VALUES(194,'Hu','Fuller',48,'208-3009 Auctor Rd.','hfuller','WZV93TKW9XL',20,'1985-11-24');
INSERT INTO Utilisateur(numUtilisateur,nom,prenom,age,adresse,login,motDePasse,numClub,dateLicense) VALUES(195,'Isaac','Best',72,'700-3449 Ut Av.','ibest','CEM81PNV2SX',20,'1961-06-16');
INSERT INTO Utilisateur(numUtilisateur,nom,prenom,age,adresse,login,motDePasse,numClub,dateLicense) VALUES(196,'Abbot','Horne',65,'P.O. Box 420, 5449 Mattis. Avenue','ahorne','AYJ31ITT7EX',20,'1968-02-19');
INSERT INTO Utilisateur(numUtilisateur,nom,prenom,age,adresse,login,motDePasse,numClub,dateLicense) VALUES(197,'Akeem','Cleveland',56,'P.O. Box 678, 8836 Et, Ave','acleveland','BMJ92FNQ8HE',20,'1977-11-21');
INSERT INTO Utilisateur(numUtilisateur,nom,prenom,age,adresse,login,motDePasse,numClub,dateLicense) VALUES(198,'Calvin','Dillard',75,'3504 Lacinia Avenue','cdillard','YQP65FYO8HD',20,'1958-09-12');
INSERT INTO Utilisateur(numUtilisateur,nom,prenom,age,adresse,login,motDePasse,numClub,dateLicense) VALUES(199,'Kelsie','Short',38,'Ap #233-4127 Nostra, Rd.','kshort','WCZ35GVY6OE',20,'1995-10-20');
INSERT INTO Utilisateur(numUtilisateur,nom,prenom,age,adresse,login,motDePasse,numClub,dateLicense) VALUES(200,'Dorian','Madden',82,'P.O. Box 799, 6999 Ultrices Rd.','dmadden','FNP33PCJ5IO',20,'1951-10-25');
INSERT INTO Utilisateur(numUtilisateur,nom,prenom,age,adresse,login,motDePasse,numClub,dateLicense) VALUES(201,'Hayes','Shepherd',86,'Ap #523-6235 Diam Ave','hshepherd','VOF46LLO7HF',21,'1947-08-23');
INSERT INTO Utilisateur(numUtilisateur,nom,prenom,age,adresse,login,motDePasse,numClub,dateLicense) VALUES(202,'Alfonso','Acevedo',84,'890 Pellentesque Road','aacevedo','VGP85JBM4AK',21,'1949-04-17');
INSERT INTO Utilisateur(numUtilisateur,nom,prenom,age,adresse,login,motDePasse,numClub,dateLicense) VALUES(203,'Kylee','Burns',89,'Ap #506-1432 Leo. Rd.','kburns','IPI07XHF1FJ',21,'1944-09-05');
INSERT INTO Utilisateur(numUtilisateur,nom,prenom,age,adresse,login,motDePasse,numClub,dateLicense) VALUES(204,'Austin','Greene',29,'3505 Phasellus St.','agreene','WCP16FAV2XK',21,'2004-12-23');
INSERT INTO Utilisateur(numUtilisateur,nom,prenom,age,adresse,login,motDePasse,numClub,dateLicense) VALUES(205,'Rylee','Thornton',89,'595-1949 Maecenas Ave','rthornton','SQC12YTI2NK',21,'1944-03-26');
INSERT INTO Utilisateur(numUtilisateur,nom,prenom,age,adresse,login,motDePasse,numClub,dateLicense) VALUES(206,'Ronan','Beck',41,'890-1001 Libero St.','rbeck','REU82EQH8YG',21,'1992-08-14');
INSERT INTO Utilisateur(numUtilisateur,nom,prenom,age,adresse,login,motDePasse,numClub,dateLicense) VALUES(207,'Jelani','Mosley',59,'417-5424 Ac, Road','jmosley','YBI42WMB8AK',21,'1974-01-24');
INSERT INTO Utilisateur(numUtilisateur,nom,prenom,age,adresse,login,motDePasse,numClub,dateLicense) VALUES(208,'Steven','Rodriguez',93,'P.O. Box 829, 1730 Eleifend Av.','srodriguez','SVX54LUH5TX',21,'1940-05-15');
INSERT INTO Utilisateur(numUtilisateur,nom,prenom,age,adresse,login,motDePasse,numClub,dateLicense) VALUES(209,'Kennedy','Blanchard',73,'389-8359 Mi Road','kblanchard','RWY87LPG4PM',21,'1960-01-07');
INSERT INTO Utilisateur(numUtilisateur,nom,prenom,age,adresse,login,motDePasse,numClub,dateLicense) VALUES(210,'Amery','Lowery',99,'654-3123 Mollis Road','alowery','JBE18LUG5YQ',21,'1934-08-13');
INSERT INTO Utilisateur(numUtilisateur,nom,prenom,age,adresse,login,motDePasse,numClub,dateLicense) VALUES(211,'Odysseus','Middleton',59,'P.O. Box 413, 5980 Libero Street','omiddleton','RWP44GKZ1FE',22,'1974-06-25');
INSERT INTO Utilisateur(numUtilisateur,nom,prenom,age,adresse,login,motDePasse,numClub,dateLicense) VALUES(212,'Rylee','Foley',81,'1654 In Avenue','rfoley','FJL67OVJ8QT',22,'1952-06-23');
INSERT INTO Utilisateur(numUtilisateur,nom,prenom,age,adresse,login,motDePasse,numClub,dateLicense) VALUES(213,'Carter','Byrd',71,'1387 Id St.','cbyrd','GHD64UJH1TH',22,'1962-05-03');
INSERT INTO Utilisateur(numUtilisateur,nom,prenom,age,adresse,login,motDePasse,numClub,dateLicense) VALUES(214,'Merritt','Wilder',44,'Ap #285-2533 Dictum St.','mwilder','JRN16SJD2BX',22,'1989-01-19');
INSERT INTO Utilisateur(numUtilisateur,nom,prenom,age,adresse,login,motDePasse,numClub,dateLicense) VALUES(215,'Cairo','Young',84,'512-2933 Risus. Av.','cyoung','YSP85MOX4IG',22,'1949-07-03');
INSERT INTO Utilisateur(numUtilisateur,nom,prenom,age,adresse,login,motDePasse,numClub,dateLicense) VALUES(216,'Roth','Church',60,'P.O. Box 124, 6847 Mattis St.','rchurch','DMR80YLO7MD',22,'1973-08-03');
INSERT INTO Utilisateur(numUtilisateur,nom,prenom,age,adresse,login,motDePasse,numClub,dateLicense) VALUES(217,'Gregory','Little',47,'Ap #886-6798 Urna. Street','glittle','RIV83RKL6DM',22,'1986-09-05');
INSERT INTO Utilisateur(numUtilisateur,nom,prenom,age,adresse,login,motDePasse,numClub,dateLicense) VALUES(218,'Holmes','Serrano',45,'9166 Sit Ave','hserrano','GBZ64YDH6VM',22,'1988-11-08');
INSERT INTO Utilisateur(numUtilisateur,nom,prenom,age,adresse,login,motDePasse,numClub,dateLicense) VALUES(219,'Dustin','Mclaughlin',99,'Ap #444-5028 Arcu. Ave','dmclaughlin','WRW55SNK7CM',22,'1934-04-12');
INSERT INTO Utilisateur(numUtilisateur,nom,prenom,age,adresse,login,motDePasse,numClub,dateLicense) VALUES(220,'Quynn','Mcdaniel',44,'476-7688 Orci Road','qmcdaniel','VNX20XRN7QC',22,'1989-09-03');
INSERT INTO Utilisateur(numUtilisateur,nom,prenom,age,adresse,login,motDePasse,numClub,dateLicense) VALUES(221,'Geraldine','Wise',97,'5646 Aliquam Road','gwise','AFG73QSB6UB',23,'1936-07-26');
INSERT INTO Utilisateur(numUtilisateur,nom,prenom,age,adresse,login,motDePasse,numClub,dateLicense) VALUES(222,'Barrett','Spence',88,'250-9674 Lacus. Rd.','bspence','UVF05ZPP6PX',23,'1945-05-12');
INSERT INTO Utilisateur(numUtilisateur,nom,prenom,age,adresse,login,motDePasse,numClub,dateLicense) VALUES(223,'Hyacinth','David',84,'695-8405 Metus St.','hdavid','SMO38JDL4YW',23,'1949-02-11');
INSERT INTO Utilisateur(numUtilisateur,nom,prenom,age,adresse,login,motDePasse,numClub,dateLicense) VALUES(224,'Pascale','Todd',85,'Ap #941-656 Eget Av.','ptodd','YLK61NSK4KC',23,'1948-07-04');
INSERT INTO Utilisateur(numUtilisateur,nom,prenom,age,adresse,login,motDePasse,numClub,dateLicense) VALUES(225,'Haviva','Johnson',98,'393-510 Ligula Street','hjohnson','TNR22BHX1LY',23,'1935-02-10');
INSERT INTO Utilisateur(numUtilisateur,nom,prenom,age,adresse,login,motDePasse,numClub,dateLicense) VALUES(226,'Eaton','Norton',81,'Ap #646-3677 Feugiat. Rd.','enorton','UBW99BGM4JR',23,'1952-10-17');
INSERT INTO Utilisateur(numUtilisateur,nom,prenom,age,adresse,login,motDePasse,numClub,dateLicense) VALUES(227,'Zephr','Hansen',35,'191-7086 Nulla St.','zhansen','CSH15XCY3FI',23,'1998-10-02');
INSERT INTO Utilisateur(numUtilisateur,nom,prenom,age,adresse,login,motDePasse,numClub,dateLicense) VALUES(228,'Rhiannon','Haynes',99,'Ap #711-406 Pellentesque St.','rhaynes','OYG53QGQ5EJ',23,'1934-03-09');
INSERT INTO Utilisateur(numUtilisateur,nom,prenom,age,adresse,login,motDePasse,numClub,dateLicense) VALUES(229,'Samson','Webb',68,'468-7167 Eros Avenue','swebb','YGP68GUW3QF',23,'1965-02-16');
INSERT INTO Utilisateur(numUtilisateur,nom,prenom,age,adresse,login,motDePasse,numClub,dateLicense) VALUES(230,'Kai','Todd',99,'Ap #897-9679 Porttitor Rd.','ktodd','OVF73EFI4UW',23,'1934-10-07');
INSERT INTO Utilisateur(numUtilisateur,nom,prenom,age,adresse,login,motDePasse,numClub,dateLicense) VALUES(231,'Ferdinand','Thornton',49,'360-4453 Auctor St.','fthornton','ZIQ27OCC5EB',24,'1984-02-20');
INSERT INTO Utilisateur(numUtilisateur,nom,prenom,age,adresse,login,motDePasse,numClub,dateLicense) VALUES(232,'Charity','Hubbard',64,'Ap #658-7276 Turpis. Road','chubbard','FOW66NEO8PX',24,'1969-12-18');
INSERT INTO Utilisateur(numUtilisateur,nom,prenom,age,adresse,login,motDePasse,numClub,dateLicense) VALUES(233,'Virginia','Richardson',45,'303-4104 Nunc Av.','vrichardson','WIA58SYH2NL',24,'1988-11-23');
INSERT INTO Utilisateur(numUtilisateur,nom,prenom,age,adresse,login,motDePasse,numClub,dateLicense) VALUES(234,'Camille','Fletcher',77,'Ap #737-6263 Eu Avenue','cfletcher','SPE28TEV6CC',24,'1956-09-01');
INSERT INTO Utilisateur(numUtilisateur,nom,prenom,age,adresse,login,motDePasse,numClub,dateLicense) VALUES(235,'Linus','Finch',31,'Ap #121-5085 Posuere Rd.','lfinch','OPC17VGG7GN',24,'2002-07-03');
INSERT INTO Utilisateur(numUtilisateur,nom,prenom,age,adresse,login,motDePasse,numClub,dateLicense) VALUES(236,'Jael','Martinez',38,'6988 Consectetuer, Ave','jmartinez','RIR20WSS7FD',24,'1995-09-24');
INSERT INTO Utilisateur(numUtilisateur,nom,prenom,age,adresse,login,motDePasse,numClub,dateLicense) VALUES(237,'Buffy','Brooks',30,'134-2190 Lacinia St.','bbrooks','HEN10LEF9II',24,'2003-01-01');
INSERT INTO Utilisateur(numUtilisateur,nom,prenom,age,adresse,login,motDePasse,numClub,dateLicense) VALUES(238,'Russell','Osborn',34,'426-396 Vivamus Av.','rosborn','VCY01EEE7NE',24,'1999-04-26');
INSERT INTO Utilisateur(numUtilisateur,nom,prenom,age,adresse,login,motDePasse,numClub,dateLicense) VALUES(239,'Lewis','Brennan',67,'Ap #181-7558 Egestas Road','lbrennan','YLR57CCU7GI',24,'1966-02-08');
INSERT INTO Utilisateur(numUtilisateur,nom,prenom,age,adresse,login,motDePasse,numClub,dateLicense) VALUES(240,'Imani','Suarez',42,'Ap #393-6429 Nulla St.','isuarez','RSW72OQF4JM',24,'1991-07-25');
INSERT INTO Utilisateur(numUtilisateur,nom,prenom,age,adresse,login,motDePasse,numClub,dateLicense) VALUES(241,'Brock','Tran',71,'8380 Magna. Street','btran','IOD57SWW6ET',25,'1962-04-05');
INSERT INTO Utilisateur(numUtilisateur,nom,prenom,age,adresse,login,motDePasse,numClub,dateLicense) VALUES(242,'Dacey','Fowler',62,'4296 Morbi Av.','dfowler','NIV74FQB1TR',25,'1971-09-25');
INSERT INTO Utilisateur(numUtilisateur,nom,prenom,age,adresse,login,motDePasse,numClub,dateLicense) VALUES(243,'Zorita','Armstrong',58,'937-4138 Sollicitudin Avenue','zarmstrong','BEL53DON2SU',25,'1975-12-12');
INSERT INTO Utilisateur(numUtilisateur,nom,prenom,age,adresse,login,motDePasse,numClub,dateLicense) VALUES(244,'Shad','Lopez',87,'Ap #996-9083 Amet St.','slopez','KBC10YWD4QQ',25,'1946-03-25');
INSERT INTO Utilisateur(numUtilisateur,nom,prenom,age,adresse,login,motDePasse,numClub,dateLicense) VALUES(245,'Armand','Mann',60,'546-371 Arcu. St.','amann','PDE44PFD7DC',25,'1973-11-20');
INSERT INTO Utilisateur(numUtilisateur,nom,prenom,age,adresse,login,motDePasse,numClub,dateLicense) VALUES(246,'Elton','Clark',33,'P.O. Box 812, 8665 Non Rd.','eclark','VVI91LLS2RI',25,'2000-10-25');
INSERT INTO Utilisateur(numUtilisateur,nom,prenom,age,adresse,login,motDePasse,numClub,dateLicense) VALUES(247,'Desirae','Hoover',27,'9061 Nulla Street','dhoover','YDG17MGL0DR',25,'2006-07-10');
INSERT INTO Utilisateur(numUtilisateur,nom,prenom,age,adresse,login,motDePasse,numClub,dateLicense) VALUES(248,'Dustin','Brooks',65,'P.O. Box 764, 3492 Tempor Av.','dbrooks','MJH34WJG6TN',25,'1968-03-10');
INSERT INTO Utilisateur(numUtilisateur,nom,prenom,age,adresse,login,motDePasse,numClub,dateLicense) VALUES(249,'Daquan','England',54,'Ap #525-2226 Tellus. Rd.','dengland','OVD39MJS1MC',25,'1979-11-18');
INSERT INTO Utilisateur(numUtilisateur,nom,prenom,age,adresse,login,motDePasse,numClub,dateLicense) VALUES(250,'Nolan','Holder',38,'Ap #371-7358 Nulla. Ave','nholder','BDH09IBM1FD',25,'1995-11-11');
INSERT INTO Utilisateur(numUtilisateur,nom,prenom,age,adresse,login,motDePasse,numClub,dateLicense) VALUES(251,'Linus','Hendrix',73,'Ap #735-6833 Felis. Rd.','lhendrix','CQS29RGJ7VT',26,'1960-05-05');
INSERT INTO Utilisateur(numUtilisateur,nom,prenom,age,adresse,login,motDePasse,numClub,dateLicense) VALUES(252,'Dara','Tanner',86,'Ap #472-6573 Suspendisse Road','dtanner','ZQG63WOR3CI',26,'1947-12-15');
INSERT INTO Utilisateur(numUtilisateur,nom,prenom,age,adresse,login,motDePasse,numClub,dateLicense) VALUES(253,'Zane','Morgan',42,'Ap #478-6666 Ornare, Ave','zmorgan','RRH87JNG9PM',26,'1991-09-17');
INSERT INTO Utilisateur(numUtilisateur,nom,prenom,age,adresse,login,motDePasse,numClub,dateLicense) VALUES(254,'Lane','Coffey',63,'Ap #179-6786 Velit. Av.','lcoffey','QIQ15CSP3XR',26,'1970-10-19');
INSERT INTO Utilisateur(numUtilisateur,nom,prenom,age,adresse,login,motDePasse,numClub,dateLicense) VALUES(255,'Zephr','Sosa',84,'252-4992 Nulla. Rd.','zsosa','LXQ34AYD9PP',26,'1949-04-05');
INSERT INTO Utilisateur(numUtilisateur,nom,prenom,age,adresse,login,motDePasse,numClub,dateLicense) VALUES(256,'Kennan','Davenport',85,'474-8669 Sapien. Av.','kdavenport','CRX39HYB4IB',26,'1948-05-03');
INSERT INTO Utilisateur(numUtilisateur,nom,prenom,age,adresse,login,motDePasse,numClub,dateLicense) VALUES(257,'Victor','Simmons',93,'758-9572 Quis, Street','vsimmons','FHM95YYM7SY',26,'1940-07-07');
INSERT INTO Utilisateur(numUtilisateur,nom,prenom,age,adresse,login,motDePasse,numClub,dateLicense) VALUES(258,'Guy','Herman',69,'Ap #219-7270 Eget Av.','gherman','OPG37TQU5UJ',26,'1964-12-21');
INSERT INTO Utilisateur(numUtilisateur,nom,prenom,age,adresse,login,motDePasse,numClub,dateLicense) VALUES(259,'Byron','Long',84,'Ap #930-1030 Venenatis Avenue','blong','CRK48WKN7AI',26,'1949-04-21');
INSERT INTO Utilisateur(numUtilisateur,nom,prenom,age,adresse,login,motDePasse,numClub,dateLicense) VALUES(260,'Callum','Holder',65,'P.O. Box 555, 1482 Orci Road','cholder','LYD76AUM5SD',26,'1968-09-08');
INSERT INTO Utilisateur(numUtilisateur,nom,prenom,age,adresse,login,motDePasse,numClub,dateLicense) VALUES(261,'Lillith','Moore',94,'906-9466 Mollis. Street','lmoore','ZBM74WLU5ST',27,'1939-07-03');
INSERT INTO Utilisateur(numUtilisateur,nom,prenom,age,adresse,login,motDePasse,numClub,dateLicense) VALUES(262,'Elvis','Ware',79,'Ap #859-6755 Phasellus St.','eware','CII64FSQ9DN',27,'1954-03-11');
INSERT INTO Utilisateur(numUtilisateur,nom,prenom,age,adresse,login,motDePasse,numClub,dateLicense) VALUES(263,'Ashton','Chandler',96,'Ap #579-9078 Sed Av.','achandler','MMU42OQS0GX',27,'1937-01-15');
INSERT INTO Utilisateur(numUtilisateur,nom,prenom,age,adresse,login,motDePasse,numClub,dateLicense) VALUES(264,'Rhona','Mccray',31,'P.O. Box 447, 2068 Non, Rd.','rmccray','PYL63XSS6BZ',27,'2002-04-18');
INSERT INTO Utilisateur(numUtilisateur,nom,prenom,age,adresse,login,motDePasse,numClub,dateLicense) VALUES(265,'Hayes','Dudley',29,'P.O. Box 727, 4368 Lacinia Ave','hdudley','CEQ76XJM7NZ',27,'2004-04-03');
INSERT INTO Utilisateur(numUtilisateur,nom,prenom,age,adresse,login,motDePasse,numClub,dateLicense) VALUES(266,'Nomlanga','Fletcher',62,'Ap #874-9877 Augue St.','nfletcher','VYU63MEA4KS',27,'1971-02-10');
INSERT INTO Utilisateur(numUtilisateur,nom,prenom,age,adresse,login,motDePasse,numClub,dateLicense) VALUES(267,'Rahim','Fields',79,'855-9687 Mauris Ave','rfields','QYB59MYW1FR',27,'1954-04-16');
INSERT INTO Utilisateur(numUtilisateur,nom,prenom,age,adresse,login,motDePasse,numClub,dateLicense) VALUES(268,'Gwendolyn','Erickson',83,'Ap #992-757 Sagittis Rd.','gerickson','IEP33VOV6OC',27,'1950-11-15');
INSERT INTO Utilisateur(numUtilisateur,nom,prenom,age,adresse,login,motDePasse,numClub,dateLicense) VALUES(269,'Mohammad','Boyer',70,'245-9183 Elementum Rd.','mboyer','JTI77VGI3FU',27,'1963-04-18');
INSERT INTO Utilisateur(numUtilisateur,nom,prenom,age,adresse,login,motDePasse,numClub,dateLicense) VALUES(270,'Keaton','Little',36,'Ap #179-5224 Magna Rd.','klittle','HGR19YTY1KO',27,'1997-02-08');
INSERT INTO Utilisateur(numUtilisateur,nom,prenom,age,adresse,login,motDePasse,numClub,dateLicense) VALUES(271,'Admin','Michel',48,'Ap #478-6666 Ornare, Ave','amichel','LXQAKJG55PP',28,'1985-01-24');

INSERT INTO President(numPresident,prime) VALUES(251,200);
INSERT INTO President(numPresident,prime) VALUES(71,200);
INSERT INTO President(numPresident,prime) VALUES(121,200);
INSERT INTO President(numPresident,prime) VALUES(211,200);

INSERT INTO Evaluateur(numEvaluateur,specialite) VALUES(2,'placeholder');
INSERT INTO Evaluateur(numEvaluateur,specialite) VALUES(3,'placeholder');
INSERT INTO Evaluateur(numEvaluateur,specialite) VALUES(4,'placeholder');
INSERT INTO Evaluateur(numEvaluateur,specialite) VALUES(12,'placeholder');
INSERT INTO Evaluateur(numEvaluateur,specialite) VALUES(13,'placeholder');
INSERT INTO Evaluateur(numEvaluateur,specialite) VALUES(14,'placeholder');
INSERT INTO Evaluateur(numEvaluateur,specialite) VALUES(22,'placeholder');
INSERT INTO Evaluateur(numEvaluateur,specialite) VALUES(23,'placeholder');
INSERT INTO Evaluateur(numEvaluateur,specialite) VALUES(24,'placeholder');
INSERT INTO Evaluateur(numEvaluateur,specialite) VALUES(32,'placeholder');
INSERT INTO Evaluateur(numEvaluateur,specialite) VALUES(33,'placeholder');
INSERT INTO Evaluateur(numEvaluateur,specialite) VALUES(34,'placeholder');
INSERT INTO Evaluateur(numEvaluateur,specialite) VALUES(42,'placeholder');
INSERT INTO Evaluateur(numEvaluateur,specialite) VALUES(43,'placeholder');
INSERT INTO Evaluateur(numEvaluateur,specialite) VALUES(44,'placeholder');
INSERT INTO Evaluateur(numEvaluateur,specialite) VALUES(52,'placeholder');
INSERT INTO Evaluateur(numEvaluateur,specialite) VALUES(53,'placeholder');
INSERT INTO Evaluateur(numEvaluateur,specialite) VALUES(54,'placeholder');
INSERT INTO Evaluateur(numEvaluateur,specialite) VALUES(62,'placeholder');
INSERT INTO Evaluateur(numEvaluateur,specialite) VALUES(63,'placeholder');
INSERT INTO Evaluateur(numEvaluateur,specialite) VALUES(64,'placeholder');
INSERT INTO Evaluateur(numEvaluateur,specialite) VALUES(72,'placeholder');
INSERT INTO Evaluateur(numEvaluateur,specialite) VALUES(73,'placeholder');
INSERT INTO Evaluateur(numEvaluateur,specialite) VALUES(74,'placeholder');
INSERT INTO Evaluateur(numEvaluateur,specialite) VALUES(82,'placeholder');
INSERT INTO Evaluateur(numEvaluateur,specialite) VALUES(83,'placeholder');
INSERT INTO Evaluateur(numEvaluateur,specialite) VALUES(84,'placeholder');
INSERT INTO Evaluateur(numEvaluateur,specialite) VALUES(92,'placeholder');
INSERT INTO Evaluateur(numEvaluateur,specialite) VALUES(93,'placeholder');
INSERT INTO Evaluateur(numEvaluateur,specialite) VALUES(94,'placeholder');
INSERT INTO Evaluateur(numEvaluateur,specialite) VALUES(102,'placeholder');
INSERT INTO Evaluateur(numEvaluateur,specialite) VALUES(103,'placeholder');
INSERT INTO Evaluateur(numEvaluateur,specialite) VALUES(104,'placeholder');
INSERT INTO Evaluateur(numEvaluateur,specialite) VALUES(112,'placeholder');
INSERT INTO Evaluateur(numEvaluateur,specialite) VALUES(113,'placeholder');
INSERT INTO Evaluateur(numEvaluateur,specialite) VALUES(114,'placeholder');
INSERT INTO Evaluateur(numEvaluateur,specialite) VALUES(122,'placeholder');
INSERT INTO Evaluateur(numEvaluateur,specialite) VALUES(123,'placeholder');
INSERT INTO Evaluateur(numEvaluateur,specialite) VALUES(124,'placeholder');
INSERT INTO Evaluateur(numEvaluateur,specialite) VALUES(132,'placeholder');
INSERT INTO Evaluateur(numEvaluateur,specialite) VALUES(133,'placeholder');
INSERT INTO Evaluateur(numEvaluateur,specialite) VALUES(134,'placeholder');
INSERT INTO Evaluateur(numEvaluateur,specialite) VALUES(142,'placeholder');
INSERT INTO Evaluateur(numEvaluateur,specialite) VALUES(143,'placeholder');
INSERT INTO Evaluateur(numEvaluateur,specialite) VALUES(144,'placeholder');
INSERT INTO Evaluateur(numEvaluateur,specialite) VALUES(152,'placeholder');
INSERT INTO Evaluateur(numEvaluateur,specialite) VALUES(153,'placeholder');
INSERT INTO Evaluateur(numEvaluateur,specialite) VALUES(154,'placeholder');
INSERT INTO Evaluateur(numEvaluateur,specialite) VALUES(162,'placeholder');
INSERT INTO Evaluateur(numEvaluateur,specialite) VALUES(163,'placeholder');
INSERT INTO Evaluateur(numEvaluateur,specialite) VALUES(164,'placeholder');
INSERT INTO Evaluateur(numEvaluateur,specialite) VALUES(172,'placeholder');
INSERT INTO Evaluateur(numEvaluateur,specialite) VALUES(173,'placeholder');
INSERT INTO Evaluateur(numEvaluateur,specialite) VALUES(174,'placeholder');
INSERT INTO Evaluateur(numEvaluateur,specialite) VALUES(182,'placeholder');
INSERT INTO Evaluateur(numEvaluateur,specialite) VALUES(183,'placeholder');
INSERT INTO Evaluateur(numEvaluateur,specialite) VALUES(184,'placeholder');
INSERT INTO Evaluateur(numEvaluateur,specialite) VALUES(192,'placeholder');
INSERT INTO Evaluateur(numEvaluateur,specialite) VALUES(193,'placeholder');
INSERT INTO Evaluateur(numEvaluateur,specialite) VALUES(194,'placeholder');
INSERT INTO Evaluateur(numEvaluateur,specialite) VALUES(212,'placeholder');
INSERT INTO Evaluateur(numEvaluateur,specialite) VALUES(213,'placeholder');
INSERT INTO Evaluateur(numEvaluateur,specialite) VALUES(214,'placeholder');
INSERT INTO Evaluateur(numEvaluateur,specialite) VALUES(222,'placeholder');
INSERT INTO Evaluateur(numEvaluateur,specialite) VALUES(223,'placeholder');
INSERT INTO Evaluateur(numEvaluateur,specialite) VALUES(224,'placeholder');
INSERT INTO Evaluateur(numEvaluateur,specialite) VALUES(232,'placeholder');
INSERT INTO Evaluateur(numEvaluateur,specialite) VALUES(233,'placeholder');
INSERT INTO Evaluateur(numEvaluateur,specialite) VALUES(234,'placeholder');
INSERT INTO Evaluateur(numEvaluateur,specialite) VALUES(252,'placeholder');
INSERT INTO Evaluateur(numEvaluateur,specialite) VALUES(253,'placeholder');
INSERT INTO Evaluateur(numEvaluateur,specialite) VALUES(254,'placeholder');
INSERT INTO Evaluateur(numEvaluateur,specialite) VALUES(262,'placeholder');
INSERT INTO Evaluateur(numEvaluateur,specialite) VALUES(263,'placeholder');
INSERT INTO Evaluateur(numEvaluateur,specialite) VALUES(264,'placeholder');

INSERT INTO Competiteur(numCompetiteur,datePremiereParticipation) VALUES(5,'2015-04-12');
INSERT INTO Competiteur(numCompetiteur,datePremiereParticipation) VALUES(6,'2015-12-09');
INSERT INTO Competiteur(numCompetiteur,datePremiereParticipation) VALUES(7,'2015-09-11');
INSERT INTO Competiteur(numCompetiteur,datePremiereParticipation) VALUES(8,'2015-06-06');
INSERT INTO Competiteur(numCompetiteur,datePremiereParticipation) VALUES(9,'2015-11-05');
INSERT INTO Competiteur(numCompetiteur,datePremiereParticipation) VALUES(10,'2015-03-13');
INSERT INTO Competiteur(numCompetiteur,datePremiereParticipation) VALUES(15,'2015-09-12');
INSERT INTO Competiteur(numCompetiteur,datePremiereParticipation) VALUES(16,'2015-09-15');
INSERT INTO Competiteur(numCompetiteur,datePremiereParticipation) VALUES(17,'2015-01-22');
INSERT INTO Competiteur(numCompetiteur,datePremiereParticipation) VALUES(18,'2015-12-08');
INSERT INTO Competiteur(numCompetiteur,datePremiereParticipation) VALUES(19,'2015-08-15');
INSERT INTO Competiteur(numCompetiteur,datePremiereParticipation) VALUES(20,'2015-06-08');
INSERT INTO Competiteur(numCompetiteur,datePremiereParticipation) VALUES(25,'2015-02-15');
INSERT INTO Competiteur(numCompetiteur,datePremiereParticipation) VALUES(26,'2015-05-21');
INSERT INTO Competiteur(numCompetiteur,datePremiereParticipation) VALUES(27,'2015-10-16');
INSERT INTO Competiteur(numCompetiteur,datePremiereParticipation) VALUES(28,'2015-05-23');
INSERT INTO Competiteur(numCompetiteur,datePremiereParticipation) VALUES(29,'2015-11-03');
INSERT INTO Competiteur(numCompetiteur,datePremiereParticipation) VALUES(30,'2015-01-19');
INSERT INTO Competiteur(numCompetiteur,datePremiereParticipation) VALUES(35,'2015-01-04');
INSERT INTO Competiteur(numCompetiteur,datePremiereParticipation) VALUES(36,'2015-02-20');
INSERT INTO Competiteur(numCompetiteur,datePremiereParticipation) VALUES(37,'2015-04-03');
INSERT INTO Competiteur(numCompetiteur,datePremiereParticipation) VALUES(38,'2015-07-04');
INSERT INTO Competiteur(numCompetiteur,datePremiereParticipation) VALUES(39,'2015-09-05');
INSERT INTO Competiteur(numCompetiteur,datePremiereParticipation) VALUES(40,'2015-01-21');
INSERT INTO Competiteur(numCompetiteur,datePremiereParticipation) VALUES(45,'2015-08-20');
INSERT INTO Competiteur(numCompetiteur,datePremiereParticipation) VALUES(46,'2015-05-26');
INSERT INTO Competiteur(numCompetiteur,datePremiereParticipation) VALUES(47,'2015-04-21');
INSERT INTO Competiteur(numCompetiteur,datePremiereParticipation) VALUES(48,'2015-02-17');
INSERT INTO Competiteur(numCompetiteur,datePremiereParticipation) VALUES(49,'2015-02-15');
INSERT INTO Competiteur(numCompetiteur,datePremiereParticipation) VALUES(50,'2015-06-26');
INSERT INTO Competiteur(numCompetiteur,datePremiereParticipation) VALUES(55,'2015-04-07');
INSERT INTO Competiteur(numCompetiteur,datePremiereParticipation) VALUES(56,'2015-11-12');
INSERT INTO Competiteur(numCompetiteur,datePremiereParticipation) VALUES(57,'2015-09-03');
INSERT INTO Competiteur(numCompetiteur,datePremiereParticipation) VALUES(58,'2015-07-11');
INSERT INTO Competiteur(numCompetiteur,datePremiereParticipation) VALUES(59,'2015-04-03');
INSERT INTO Competiteur(numCompetiteur,datePremiereParticipation) VALUES(60,'2015-01-12');
INSERT INTO Competiteur(numCompetiteur,datePremiereParticipation) VALUES(65,'2015-11-04');
INSERT INTO Competiteur(numCompetiteur,datePremiereParticipation) VALUES(66,'2015-12-12');
INSERT INTO Competiteur(numCompetiteur,datePremiereParticipation) VALUES(67,'2015-05-21');
INSERT INTO Competiteur(numCompetiteur,datePremiereParticipation) VALUES(68,'2015-12-05');
INSERT INTO Competiteur(numCompetiteur,datePremiereParticipation) VALUES(69,'2015-10-18');
INSERT INTO Competiteur(numCompetiteur,datePremiereParticipation) VALUES(70,'2015-11-10');
INSERT INTO Competiteur(numCompetiteur,datePremiereParticipation) VALUES(75,'2015-02-12');
INSERT INTO Competiteur(numCompetiteur,datePremiereParticipation) VALUES(76,'2015-12-01');
INSERT INTO Competiteur(numCompetiteur,datePremiereParticipation) VALUES(77,'2015-02-14');
INSERT INTO Competiteur(numCompetiteur,datePremiereParticipation) VALUES(78,'2015-11-27');
INSERT INTO Competiteur(numCompetiteur,datePremiereParticipation) VALUES(79,'2015-04-14');
INSERT INTO Competiteur(numCompetiteur,datePremiereParticipation) VALUES(80,'2015-08-23');
INSERT INTO Competiteur(numCompetiteur,datePremiereParticipation) VALUES(85,'2015-12-03');
INSERT INTO Competiteur(numCompetiteur,datePremiereParticipation) VALUES(86,'2015-09-24');
INSERT INTO Competiteur(numCompetiteur,datePremiereParticipation) VALUES(87,'2015-08-18');
INSERT INTO Competiteur(numCompetiteur,datePremiereParticipation) VALUES(88,'2015-05-14');
INSERT INTO Competiteur(numCompetiteur,datePremiereParticipation) VALUES(89,'2015-11-22');
INSERT INTO Competiteur(numCompetiteur,datePremiereParticipation) VALUES(90,'2015-11-27');
INSERT INTO Competiteur(numCompetiteur,datePremiereParticipation) VALUES(95,'2015-03-17');
INSERT INTO Competiteur(numCompetiteur,datePremiereParticipation) VALUES(96,'2015-08-27');
INSERT INTO Competiteur(numCompetiteur,datePremiereParticipation) VALUES(97,'2015-02-01');
INSERT INTO Competiteur(numCompetiteur,datePremiereParticipation) VALUES(98,'2015-06-14');
INSERT INTO Competiteur(numCompetiteur,datePremiereParticipation) VALUES(99,'2015-09-19');
INSERT INTO Competiteur(numCompetiteur,datePremiereParticipation) VALUES(100,'2015-10-08');
INSERT INTO Competiteur(numCompetiteur,datePremiereParticipation) VALUES(105,'2015-05-22');
INSERT INTO Competiteur(numCompetiteur,datePremiereParticipation) VALUES(106,'2015-04-07');
INSERT INTO Competiteur(numCompetiteur,datePremiereParticipation) VALUES(107,'2015-03-25');
INSERT INTO Competiteur(numCompetiteur,datePremiereParticipation) VALUES(108,'2015-08-12');
INSERT INTO Competiteur(numCompetiteur,datePremiereParticipation) VALUES(109,'2015-03-25');
INSERT INTO Competiteur(numCompetiteur,datePremiereParticipation) VALUES(110,'2015-06-03');
INSERT INTO Competiteur(numCompetiteur,datePremiereParticipation) VALUES(115,'2015-04-20');
INSERT INTO Competiteur(numCompetiteur,datePremiereParticipation) VALUES(116,'2015-10-01');
INSERT INTO Competiteur(numCompetiteur,datePremiereParticipation) VALUES(117,'2015-08-03');
INSERT INTO Competiteur(numCompetiteur,datePremiereParticipation) VALUES(118,'2015-11-06');
INSERT INTO Competiteur(numCompetiteur,datePremiereParticipation) VALUES(119,'2015-06-23');
INSERT INTO Competiteur(numCompetiteur,datePremiereParticipation) VALUES(120,'2015-09-04');
INSERT INTO Competiteur(numCompetiteur,datePremiereParticipation) VALUES(125,'2015-10-14');
INSERT INTO Competiteur(numCompetiteur,datePremiereParticipation) VALUES(126,'2015-06-04');
INSERT INTO Competiteur(numCompetiteur,datePremiereParticipation) VALUES(127,'2015-11-07');
INSERT INTO Competiteur(numCompetiteur,datePremiereParticipation) VALUES(128,'2015-01-22');
INSERT INTO Competiteur(numCompetiteur,datePremiereParticipation) VALUES(129,'2015-01-12');
INSERT INTO Competiteur(numCompetiteur,datePremiereParticipation) VALUES(130,'2015-03-26');
INSERT INTO Competiteur(numCompetiteur,datePremiereParticipation) VALUES(135,'2015-10-09');
INSERT INTO Competiteur(numCompetiteur,datePremiereParticipation) VALUES(136,'2015-05-11');
INSERT INTO Competiteur(numCompetiteur,datePremiereParticipation) VALUES(137,'2015-05-12');
INSERT INTO Competiteur(numCompetiteur,datePremiereParticipation) VALUES(138,'2015-01-10');
INSERT INTO Competiteur(numCompetiteur,datePremiereParticipation) VALUES(139,'2015-04-10');
INSERT INTO Competiteur(numCompetiteur,datePremiereParticipation) VALUES(140,'2015-05-05');
INSERT INTO Competiteur(numCompetiteur,datePremiereParticipation) VALUES(145,'2015-07-02');
INSERT INTO Competiteur(numCompetiteur,datePremiereParticipation) VALUES(146,'2015-06-11');
INSERT INTO Competiteur(numCompetiteur,datePremiereParticipation) VALUES(147,'2015-08-04');
INSERT INTO Competiteur(numCompetiteur,datePremiereParticipation) VALUES(148,'2015-09-04');
INSERT INTO Competiteur(numCompetiteur,datePremiereParticipation) VALUES(149,'2015-07-08');
INSERT INTO Competiteur(numCompetiteur,datePremiereParticipation) VALUES(150,'2015-07-03');
INSERT INTO Competiteur(numCompetiteur,datePremiereParticipation) VALUES(155,'2015-11-22');
INSERT INTO Competiteur(numCompetiteur,datePremiereParticipation) VALUES(156,'2015-05-05');
INSERT INTO Competiteur(numCompetiteur,datePremiereParticipation) VALUES(157,'2015-02-15');
INSERT INTO Competiteur(numCompetiteur,datePremiereParticipation) VALUES(158,'2015-09-20');
INSERT INTO Competiteur(numCompetiteur,datePremiereParticipation) VALUES(159,'2015-01-01');
INSERT INTO Competiteur(numCompetiteur,datePremiereParticipation) VALUES(160,'2015-04-21');
INSERT INTO Competiteur(numCompetiteur,datePremiereParticipation) VALUES(165,'2015-01-01');
INSERT INTO Competiteur(numCompetiteur,datePremiereParticipation) VALUES(166,'2015-11-19');
INSERT INTO Competiteur(numCompetiteur,datePremiereParticipation) VALUES(167,'2015-08-04');
INSERT INTO Competiteur(numCompetiteur,datePremiereParticipation) VALUES(168,'2015-09-21');
INSERT INTO Competiteur(numCompetiteur,datePremiereParticipation) VALUES(169,'2015-07-23');
INSERT INTO Competiteur(numCompetiteur,datePremiereParticipation) VALUES(170,'2015-06-02');
INSERT INTO Competiteur(numCompetiteur,datePremiereParticipation) VALUES(175,'2015-09-23');
INSERT INTO Competiteur(numCompetiteur,datePremiereParticipation) VALUES(176,'2015-12-03');
INSERT INTO Competiteur(numCompetiteur,datePremiereParticipation) VALUES(177,'2015-07-15');
INSERT INTO Competiteur(numCompetiteur,datePremiereParticipation) VALUES(178,'2015-06-14');
INSERT INTO Competiteur(numCompetiteur,datePremiereParticipation) VALUES(179,'2015-02-21');
INSERT INTO Competiteur(numCompetiteur,datePremiereParticipation) VALUES(180,'2015-07-21');
INSERT INTO Competiteur(numCompetiteur,datePremiereParticipation) VALUES(185,'2015-10-17');
INSERT INTO Competiteur(numCompetiteur,datePremiereParticipation) VALUES(186,'2015-09-27');
INSERT INTO Competiteur(numCompetiteur,datePremiereParticipation) VALUES(187,'2015-10-24');
INSERT INTO Competiteur(numCompetiteur,datePremiereParticipation) VALUES(188,'2015-11-21');
INSERT INTO Competiteur(numCompetiteur,datePremiereParticipation) VALUES(189,'2015-12-01');
INSERT INTO Competiteur(numCompetiteur,datePremiereParticipation) VALUES(190,'2015-07-08');
INSERT INTO Competiteur(numCompetiteur,datePremiereParticipation) VALUES(195,'2015-12-02');
INSERT INTO Competiteur(numCompetiteur,datePremiereParticipation) VALUES(196,'2015-08-07');
INSERT INTO Competiteur(numCompetiteur,datePremiereParticipation) VALUES(197,'2015-01-15');
INSERT INTO Competiteur(numCompetiteur,datePremiereParticipation) VALUES(198,'2015-06-18');
INSERT INTO Competiteur(numCompetiteur,datePremiereParticipation) VALUES(199,'2015-04-13');
INSERT INTO Competiteur(numCompetiteur,datePremiereParticipation) VALUES(200,'2015-07-12');
INSERT INTO Competiteur(numCompetiteur,datePremiereParticipation) VALUES(215,'2015-09-27');
INSERT INTO Competiteur(numCompetiteur,datePremiereParticipation) VALUES(216,'2015-12-25');
INSERT INTO Competiteur(numCompetiteur,datePremiereParticipation) VALUES(217,'2015-11-09');
INSERT INTO Competiteur(numCompetiteur,datePremiereParticipation) VALUES(218,'2015-09-22');
INSERT INTO Competiteur(numCompetiteur,datePremiereParticipation) VALUES(219,'2015-01-17');
INSERT INTO Competiteur(numCompetiteur,datePremiereParticipation) VALUES(220,'2015-08-18');
INSERT INTO Competiteur(numCompetiteur,datePremiereParticipation) VALUES(225,'2015-05-24');
INSERT INTO Competiteur(numCompetiteur,datePremiereParticipation) VALUES(226,'2015-11-05');
INSERT INTO Competiteur(numCompetiteur,datePremiereParticipation) VALUES(227,'2015-05-13');
INSERT INTO Competiteur(numCompetiteur,datePremiereParticipation) VALUES(228,'2015-11-17');
INSERT INTO Competiteur(numCompetiteur,datePremiereParticipation) VALUES(229,'2015-04-19');
INSERT INTO Competiteur(numCompetiteur,datePremiereParticipation) VALUES(230,'2015-12-21');
INSERT INTO Competiteur(numCompetiteur,datePremiereParticipation) VALUES(235,'2015-06-23');
INSERT INTO Competiteur(numCompetiteur,datePremiereParticipation) VALUES(236,'2015-03-10');
INSERT INTO Competiteur(numCompetiteur,datePremiereParticipation) VALUES(237,'2015-01-06');
INSERT INTO Competiteur(numCompetiteur,datePremiereParticipation) VALUES(238,'2015-12-05');
INSERT INTO Competiteur(numCompetiteur,datePremiereParticipation) VALUES(239,'2015-05-23');
INSERT INTO Competiteur(numCompetiteur,datePremiereParticipation) VALUES(240,'2015-09-18');
INSERT INTO Competiteur(numCompetiteur,datePremiereParticipation) VALUES(255,'2015-03-11');
INSERT INTO Competiteur(numCompetiteur,datePremiereParticipation) VALUES(256,'2015-08-17');
INSERT INTO Competiteur(numCompetiteur,datePremiereParticipation) VALUES(257,'2015-01-14');
INSERT INTO Competiteur(numCompetiteur,datePremiereParticipation) VALUES(258,'2015-05-06');
INSERT INTO Competiteur(numCompetiteur,datePremiereParticipation) VALUES(259,'2015-07-25');
INSERT INTO Competiteur(numCompetiteur,datePremiereParticipation) VALUES(260,'2015-12-11');
INSERT INTO Competiteur(numCompetiteur,datePremiereParticipation) VALUES(265,'2015-09-10');
INSERT INTO Competiteur(numCompetiteur,datePremiereParticipation) VALUES(266,'2015-10-03');
INSERT INTO Competiteur(numCompetiteur,datePremiereParticipation) VALUES(267,'2015-10-10');
INSERT INTO Competiteur(numCompetiteur,datePremiereParticipation) VALUES(268,'2015-08-11');
INSERT INTO Competiteur(numCompetiteur,datePremiereParticipation) VALUES(269,'2015-09-09');
INSERT INTO Competiteur(numCompetiteur,datePremiereParticipation) VALUES(270,'2015-11-09');

INSERT INTO Administrateur(numAdministrateur,dateDebut) VALUES(271,'2023-01-10');

INSERT INTO Directeur(numDirecteur,dateDebut) VALUES(1,'2018-07-06');
INSERT INTO Directeur(numDirecteur,dateDebut) VALUES(11,'2010-12-13');
INSERT INTO Directeur(numDirecteur,dateDebut) VALUES(21,'2019-03-09');
INSERT INTO Directeur(numDirecteur,dateDebut) VALUES(31,'2019-01-02');
INSERT INTO Directeur(numDirecteur,dateDebut) VALUES(41,'2016-11-19');
INSERT INTO Directeur(numDirecteur,dateDebut) VALUES(51,'2018-12-08');
INSERT INTO Directeur(numDirecteur,dateDebut) VALUES(61,'2014-01-14');
INSERT INTO Directeur(numDirecteur,dateDebut) VALUES(71,'2007-12-01');
INSERT INTO Directeur(numDirecteur,dateDebut) VALUES(81,'2004-02-18');
INSERT INTO Directeur(numDirecteur,dateDebut) VALUES(91,'2004-12-01');
INSERT INTO Directeur(numDirecteur,dateDebut) VALUES(101,'2003-08-06');
INSERT INTO Directeur(numDirecteur,dateDebut) VALUES(111,'2007-12-24');
INSERT INTO Directeur(numDirecteur,dateDebut) VALUES(121,'2002-12-12');
INSERT INTO Directeur(numDirecteur,dateDebut) VALUES(131,'2020-08-22');
INSERT INTO Directeur(numDirecteur,dateDebut) VALUES(141,'2005-07-21');
INSERT INTO Directeur(numDirecteur,dateDebut) VALUES(151,'2004-11-22');
INSERT INTO Directeur(numDirecteur,dateDebut) VALUES(161,'2014-11-19');
INSERT INTO Directeur(numDirecteur,dateDebut) VALUES(171,'2012-04-15');
INSERT INTO Directeur(numDirecteur,dateDebut) VALUES(181,'2020-08-25');
INSERT INTO Directeur(numDirecteur,dateDebut) VALUES(191,'2017-08-09');
INSERT INTO Directeur(numDirecteur,dateDebut) VALUES(201,'2015-10-09');
INSERT INTO Directeur(numDirecteur,dateDebut) VALUES(211,'2019-05-09');
INSERT INTO Directeur(numDirecteur,dateDebut) VALUES(221,'2003-11-13');
INSERT INTO Directeur(numDirecteur,dateDebut) VALUES(231,'2015-10-05');
INSERT INTO Directeur(numDirecteur,dateDebut) VALUES(241,'2010-07-15');
INSERT INTO Directeur(numDirecteur,dateDebut) VALUES(251,'2020-10-23');
INSERT INTO Directeur(numDirecteur,dateDebut) VALUES(261,'2003-09-14');

INSERT INTO Dirige(numClub,numDirecteur) VALUES(1,1);
INSERT INTO Dirige(numClub,numDirecteur) VALUES(2,11);
INSERT INTO Dirige(numClub,numDirecteur) VALUES(3,21);
INSERT INTO Dirige(numClub,numDirecteur) VALUES(4,31);
INSERT INTO Dirige(numClub,numDirecteur) VALUES(5,41);
INSERT INTO Dirige(numClub,numDirecteur) VALUES(6,51);
INSERT INTO Dirige(numClub,numDirecteur) VALUES(7,61);
INSERT INTO Dirige(numClub,numDirecteur) VALUES(8,71);
INSERT INTO Dirige(numClub,numDirecteur) VALUES(9,81);
INSERT INTO Dirige(numClub,numDirecteur) VALUES(10,91);
INSERT INTO Dirige(numClub,numDirecteur) VALUES(11,101);
INSERT INTO Dirige(numClub,numDirecteur) VALUES(12,111);
INSERT INTO Dirige(numClub,numDirecteur) VALUES(13,121);
INSERT INTO Dirige(numClub,numDirecteur) VALUES(14,131);
INSERT INTO Dirige(numClub,numDirecteur) VALUES(15,141);
INSERT INTO Dirige(numClub,numDirecteur) VALUES(16,151);
INSERT INTO Dirige(numClub,numDirecteur) VALUES(17,161);
INSERT INTO Dirige(numClub,numDirecteur) VALUES(18,171);
INSERT INTO Dirige(numClub,numDirecteur) VALUES(19,181);
INSERT INTO Dirige(numClub,numDirecteur) VALUES(20,191);
INSERT INTO Dirige(numClub,numDirecteur) VALUES(21,201);
INSERT INTO Dirige(numClub,numDirecteur) VALUES(22,211);
INSERT INTO Dirige(numClub,numDirecteur) VALUES(23,221);
INSERT INTO Dirige(numClub,numDirecteur) VALUES(24,231);
INSERT INTO Dirige(numClub,numDirecteur) VALUES(25,241);
INSERT INTO Dirige(numClub,numDirecteur) VALUES(26,251);
INSERT INTO Dirige(numClub,numDirecteur) VALUES(27,261);

INSERT INTO Concours(numConcours,theme,descriptif,dateDebut,dateFin,etat,numPresident,numClubOrganisateur) VALUES(1,'hiver','placeholder','2021-01-01','2021-02-01','evalue',251,26);
INSERT INTO Concours(numConcours,theme,descriptif,dateDebut,dateFin,etat,numPresident,numClubOrganisateur) VALUES(2,'printemps','placeholder','2022-04-01','2022-05-01','resultat',71,8);
INSERT INTO Concours(numConcours,theme,descriptif,dateDebut,dateFin,etat,numPresident,numClubOrganisateur) VALUES(3,'été','placeholder','2023-07-01','2023-08-01','en cours',121,13);
INSERT INTO Concours(numConcours,theme,descriptif,dateDebut,dateFin,etat,numPresident,numClubOrganisateur) VALUES(4,'automne','placeholder','2023-10-01','2023-11-01','pas commence',211,22);

INSERT INTO ParticipeClub(numClub,numConcours) VALUES(1,1);
INSERT INTO ParticipeClub(numClub,numConcours) VALUES(2,1);
INSERT INTO ParticipeClub(numClub,numConcours) VALUES(4,1);
INSERT INTO ParticipeClub(numClub,numConcours) VALUES(5,1);
INSERT INTO ParticipeClub(numClub,numConcours) VALUES(10,1);
INSERT INTO ParticipeClub(numClub,numConcours) VALUES(11,1);
INSERT INTO ParticipeClub(numClub,numConcours) VALUES(13,1);
INSERT INTO ParticipeClub(numClub,numConcours) VALUES(14,1);
INSERT INTO ParticipeClub(numClub,numConcours) VALUES(14,2);
INSERT INTO ParticipeClub(numClub,numConcours) VALUES(15,2);
INSERT INTO ParticipeClub(numClub,numConcours) VALUES(16,2);
INSERT INTO ParticipeClub(numClub,numConcours) VALUES(17,2);
INSERT INTO ParticipeClub(numClub,numConcours) VALUES(19,2);
INSERT INTO ParticipeClub(numClub,numConcours) VALUES(20,2);
INSERT INTO ParticipeClub(numClub,numConcours) VALUES(22,2);
INSERT INTO ParticipeClub(numClub,numConcours) VALUES(23,2);
INSERT INTO ParticipeClub(numClub,numConcours) VALUES(23,3);
INSERT INTO ParticipeClub(numClub,numConcours) VALUES(24,3);
INSERT INTO ParticipeClub(numClub,numConcours) VALUES(26,3);
INSERT INTO ParticipeClub(numClub,numConcours) VALUES(27,3);
INSERT INTO ParticipeClub(numClub,numConcours) VALUES(5,3);
INSERT INTO ParticipeClub(numClub,numConcours) VALUES(6,3);
INSERT INTO ParticipeClub(numClub,numConcours) VALUES(8,3);
INSERT INTO ParticipeClub(numClub,numConcours) VALUES(9,3);
INSERT INTO ParticipeClub(numClub,numConcours) VALUES(2,4);
INSERT INTO ParticipeClub(numClub,numConcours) VALUES(3,4);
INSERT INTO ParticipeClub(numClub,numConcours) VALUES(7,4);
INSERT INTO ParticipeClub(numClub,numConcours) VALUES(8,4);
INSERT INTO ParticipeClub(numClub,numConcours) VALUES(10,4);
INSERT INTO ParticipeClub(numClub,numConcours) VALUES(12,4);
INSERT INTO ParticipeClub(numClub,numConcours) VALUES(17,4);
INSERT INTO ParticipeClub(numClub,numConcours) VALUES(18,4);

INSERT INTO ParticipeCompetiteur(numCompetiteur,numConcours) VALUES(5,1);
INSERT INTO ParticipeCompetiteur(numCompetiteur,numConcours) VALUES(6,1);
INSERT INTO ParticipeCompetiteur(numCompetiteur,numConcours) VALUES(7,1);
INSERT INTO ParticipeCompetiteur(numCompetiteur,numConcours) VALUES(8,1);
INSERT INTO ParticipeCompetiteur(numCompetiteur,numConcours) VALUES(9,1);
INSERT INTO ParticipeCompetiteur(numCompetiteur,numConcours) VALUES(10,1);
INSERT INTO ParticipeCompetiteur(numCompetiteur,numConcours) VALUES(15,1);
INSERT INTO ParticipeCompetiteur(numCompetiteur,numConcours) VALUES(16,1);
INSERT INTO ParticipeCompetiteur(numCompetiteur,numConcours) VALUES(17,1);
INSERT INTO ParticipeCompetiteur(numCompetiteur,numConcours) VALUES(18,1);
INSERT INTO ParticipeCompetiteur(numCompetiteur,numConcours) VALUES(19,1);
INSERT INTO ParticipeCompetiteur(numCompetiteur,numConcours) VALUES(20,1);
INSERT INTO ParticipeCompetiteur(numCompetiteur,numConcours) VALUES(35,1);
INSERT INTO ParticipeCompetiteur(numCompetiteur,numConcours) VALUES(36,1);
INSERT INTO ParticipeCompetiteur(numCompetiteur,numConcours) VALUES(37,1);
INSERT INTO ParticipeCompetiteur(numCompetiteur,numConcours) VALUES(38,1);
INSERT INTO ParticipeCompetiteur(numCompetiteur,numConcours) VALUES(39,1);
INSERT INTO ParticipeCompetiteur(numCompetiteur,numConcours) VALUES(40,1);
INSERT INTO ParticipeCompetiteur(numCompetiteur,numConcours) VALUES(45,1);
INSERT INTO ParticipeCompetiteur(numCompetiteur,numConcours) VALUES(46,1);
INSERT INTO ParticipeCompetiteur(numCompetiteur,numConcours) VALUES(47,1);
INSERT INTO ParticipeCompetiteur(numCompetiteur,numConcours) VALUES(48,1);
INSERT INTO ParticipeCompetiteur(numCompetiteur,numConcours) VALUES(49,1);
INSERT INTO ParticipeCompetiteur(numCompetiteur,numConcours) VALUES(50,1);
INSERT INTO ParticipeCompetiteur(numCompetiteur,numConcours) VALUES(95,1);
INSERT INTO ParticipeCompetiteur(numCompetiteur,numConcours) VALUES(96,1);
INSERT INTO ParticipeCompetiteur(numCompetiteur,numConcours) VALUES(97,1);
INSERT INTO ParticipeCompetiteur(numCompetiteur,numConcours) VALUES(98,1);
INSERT INTO ParticipeCompetiteur(numCompetiteur,numConcours) VALUES(99,1);
INSERT INTO ParticipeCompetiteur(numCompetiteur,numConcours) VALUES(100,1);
INSERT INTO ParticipeCompetiteur(numCompetiteur,numConcours) VALUES(105,1);
INSERT INTO ParticipeCompetiteur(numCompetiteur,numConcours) VALUES(106,1);
INSERT INTO ParticipeCompetiteur(numCompetiteur,numConcours) VALUES(107,1);
INSERT INTO ParticipeCompetiteur(numCompetiteur,numConcours) VALUES(108,1);
INSERT INTO ParticipeCompetiteur(numCompetiteur,numConcours) VALUES(109,1);
INSERT INTO ParticipeCompetiteur(numCompetiteur,numConcours) VALUES(110,1);
INSERT INTO ParticipeCompetiteur(numCompetiteur,numConcours) VALUES(125,1);
INSERT INTO ParticipeCompetiteur(numCompetiteur,numConcours) VALUES(126,1);
INSERT INTO ParticipeCompetiteur(numCompetiteur,numConcours) VALUES(127,1);
INSERT INTO ParticipeCompetiteur(numCompetiteur,numConcours) VALUES(128,1);
INSERT INTO ParticipeCompetiteur(numCompetiteur,numConcours) VALUES(129,1);
INSERT INTO ParticipeCompetiteur(numCompetiteur,numConcours) VALUES(130,1);
INSERT INTO ParticipeCompetiteur(numCompetiteur,numConcours) VALUES(135,1);
INSERT INTO ParticipeCompetiteur(numCompetiteur,numConcours) VALUES(136,1);
INSERT INTO ParticipeCompetiteur(numCompetiteur,numConcours) VALUES(137,1);
INSERT INTO ParticipeCompetiteur(numCompetiteur,numConcours) VALUES(138,1);
INSERT INTO ParticipeCompetiteur(numCompetiteur,numConcours) VALUES(139,1);
INSERT INTO ParticipeCompetiteur(numCompetiteur,numConcours) VALUES(140,1);
INSERT INTO ParticipeCompetiteur(numCompetiteur,numConcours) VALUES(135,2);
INSERT INTO ParticipeCompetiteur(numCompetiteur,numConcours) VALUES(136,2);
INSERT INTO ParticipeCompetiteur(numCompetiteur,numConcours) VALUES(137,2);
INSERT INTO ParticipeCompetiteur(numCompetiteur,numConcours) VALUES(138,2);
INSERT INTO ParticipeCompetiteur(numCompetiteur,numConcours) VALUES(139,2);
INSERT INTO ParticipeCompetiteur(numCompetiteur,numConcours) VALUES(140,2);
INSERT INTO ParticipeCompetiteur(numCompetiteur,numConcours) VALUES(145,2);
INSERT INTO ParticipeCompetiteur(numCompetiteur,numConcours) VALUES(146,2);
INSERT INTO ParticipeCompetiteur(numCompetiteur,numConcours) VALUES(147,2);
INSERT INTO ParticipeCompetiteur(numCompetiteur,numConcours) VALUES(148,2);
INSERT INTO ParticipeCompetiteur(numCompetiteur,numConcours) VALUES(149,2);
INSERT INTO ParticipeCompetiteur(numCompetiteur,numConcours) VALUES(150,2);
INSERT INTO ParticipeCompetiteur(numCompetiteur,numConcours) VALUES(155,2);
INSERT INTO ParticipeCompetiteur(numCompetiteur,numConcours) VALUES(156,2);
INSERT INTO ParticipeCompetiteur(numCompetiteur,numConcours) VALUES(157,2);
INSERT INTO ParticipeCompetiteur(numCompetiteur,numConcours) VALUES(158,2);
INSERT INTO ParticipeCompetiteur(numCompetiteur,numConcours) VALUES(159,2);
INSERT INTO ParticipeCompetiteur(numCompetiteur,numConcours) VALUES(160,2);
INSERT INTO ParticipeCompetiteur(numCompetiteur,numConcours) VALUES(165,2);
INSERT INTO ParticipeCompetiteur(numCompetiteur,numConcours) VALUES(166,2);
INSERT INTO ParticipeCompetiteur(numCompetiteur,numConcours) VALUES(167,2);
INSERT INTO ParticipeCompetiteur(numCompetiteur,numConcours) VALUES(168,2);
INSERT INTO ParticipeCompetiteur(numCompetiteur,numConcours) VALUES(169,2);
INSERT INTO ParticipeCompetiteur(numCompetiteur,numConcours) VALUES(170,2);
INSERT INTO ParticipeCompetiteur(numCompetiteur,numConcours) VALUES(185,2);
INSERT INTO ParticipeCompetiteur(numCompetiteur,numConcours) VALUES(186,2);
INSERT INTO ParticipeCompetiteur(numCompetiteur,numConcours) VALUES(187,2);
INSERT INTO ParticipeCompetiteur(numCompetiteur,numConcours) VALUES(188,2);
INSERT INTO ParticipeCompetiteur(numCompetiteur,numConcours) VALUES(189,2);
INSERT INTO ParticipeCompetiteur(numCompetiteur,numConcours) VALUES(190,2);
INSERT INTO ParticipeCompetiteur(numCompetiteur,numConcours) VALUES(195,2);
INSERT INTO ParticipeCompetiteur(numCompetiteur,numConcours) VALUES(196,2);
INSERT INTO ParticipeCompetiteur(numCompetiteur,numConcours) VALUES(197,2);
INSERT INTO ParticipeCompetiteur(numCompetiteur,numConcours) VALUES(198,2);
INSERT INTO ParticipeCompetiteur(numCompetiteur,numConcours) VALUES(199,2);
INSERT INTO ParticipeCompetiteur(numCompetiteur,numConcours) VALUES(200,2);
INSERT INTO ParticipeCompetiteur(numCompetiteur,numConcours) VALUES(215,2);
INSERT INTO ParticipeCompetiteur(numCompetiteur,numConcours) VALUES(216,2);
INSERT INTO ParticipeCompetiteur(numCompetiteur,numConcours) VALUES(217,2);
INSERT INTO ParticipeCompetiteur(numCompetiteur,numConcours) VALUES(218,2);
INSERT INTO ParticipeCompetiteur(numCompetiteur,numConcours) VALUES(219,2);
INSERT INTO ParticipeCompetiteur(numCompetiteur,numConcours) VALUES(220,2);
INSERT INTO ParticipeCompetiteur(numCompetiteur,numConcours) VALUES(225,2);
INSERT INTO ParticipeCompetiteur(numCompetiteur,numConcours) VALUES(226,2);
INSERT INTO ParticipeCompetiteur(numCompetiteur,numConcours) VALUES(227,2);
INSERT INTO ParticipeCompetiteur(numCompetiteur,numConcours) VALUES(228,2);
INSERT INTO ParticipeCompetiteur(numCompetiteur,numConcours) VALUES(229,2);
INSERT INTO ParticipeCompetiteur(numCompetiteur,numConcours) VALUES(230,2);
INSERT INTO ParticipeCompetiteur(numCompetiteur,numConcours) VALUES(225,3);
INSERT INTO ParticipeCompetiteur(numCompetiteur,numConcours) VALUES(226,3);
INSERT INTO ParticipeCompetiteur(numCompetiteur,numConcours) VALUES(227,3);
INSERT INTO ParticipeCompetiteur(numCompetiteur,numConcours) VALUES(228,3);
INSERT INTO ParticipeCompetiteur(numCompetiteur,numConcours) VALUES(229,3);
INSERT INTO ParticipeCompetiteur(numCompetiteur,numConcours) VALUES(230,3);
INSERT INTO ParticipeCompetiteur(numCompetiteur,numConcours) VALUES(235,3);
INSERT INTO ParticipeCompetiteur(numCompetiteur,numConcours) VALUES(236,3);
INSERT INTO ParticipeCompetiteur(numCompetiteur,numConcours) VALUES(237,3);
INSERT INTO ParticipeCompetiteur(numCompetiteur,numConcours) VALUES(238,3);
INSERT INTO ParticipeCompetiteur(numCompetiteur,numConcours) VALUES(239,3);
INSERT INTO ParticipeCompetiteur(numCompetiteur,numConcours) VALUES(240,3);
INSERT INTO ParticipeCompetiteur(numCompetiteur,numConcours) VALUES(255,3);
INSERT INTO ParticipeCompetiteur(numCompetiteur,numConcours) VALUES(256,3);
INSERT INTO ParticipeCompetiteur(numCompetiteur,numConcours) VALUES(257,3);
INSERT INTO ParticipeCompetiteur(numCompetiteur,numConcours) VALUES(258,3);
INSERT INTO ParticipeCompetiteur(numCompetiteur,numConcours) VALUES(259,3);
INSERT INTO ParticipeCompetiteur(numCompetiteur,numConcours) VALUES(260,3);
INSERT INTO ParticipeCompetiteur(numCompetiteur,numConcours) VALUES(265,3);
INSERT INTO ParticipeCompetiteur(numCompetiteur,numConcours) VALUES(266,3);
INSERT INTO ParticipeCompetiteur(numCompetiteur,numConcours) VALUES(267,3);
INSERT INTO ParticipeCompetiteur(numCompetiteur,numConcours) VALUES(268,3);
INSERT INTO ParticipeCompetiteur(numCompetiteur,numConcours) VALUES(269,3);
INSERT INTO ParticipeCompetiteur(numCompetiteur,numConcours) VALUES(270,3);
INSERT INTO ParticipeCompetiteur(numCompetiteur,numConcours) VALUES(45,3);
INSERT INTO ParticipeCompetiteur(numCompetiteur,numConcours) VALUES(46,3);
INSERT INTO ParticipeCompetiteur(numCompetiteur,numConcours) VALUES(47,3);
INSERT INTO ParticipeCompetiteur(numCompetiteur,numConcours) VALUES(48,3);
INSERT INTO ParticipeCompetiteur(numCompetiteur,numConcours) VALUES(49,3);
INSERT INTO ParticipeCompetiteur(numCompetiteur,numConcours) VALUES(50,3);
INSERT INTO ParticipeCompetiteur(numCompetiteur,numConcours) VALUES(55,3);
INSERT INTO ParticipeCompetiteur(numCompetiteur,numConcours) VALUES(56,3);
INSERT INTO ParticipeCompetiteur(numCompetiteur,numConcours) VALUES(57,3);
INSERT INTO ParticipeCompetiteur(numCompetiteur,numConcours) VALUES(58,3);
INSERT INTO ParticipeCompetiteur(numCompetiteur,numConcours) VALUES(59,3);
INSERT INTO ParticipeCompetiteur(numCompetiteur,numConcours) VALUES(60,3);
INSERT INTO ParticipeCompetiteur(numCompetiteur,numConcours) VALUES(75,3);
INSERT INTO ParticipeCompetiteur(numCompetiteur,numConcours) VALUES(76,3);
INSERT INTO ParticipeCompetiteur(numCompetiteur,numConcours) VALUES(77,3);
INSERT INTO ParticipeCompetiteur(numCompetiteur,numConcours) VALUES(78,3);
INSERT INTO ParticipeCompetiteur(numCompetiteur,numConcours) VALUES(79,3);
INSERT INTO ParticipeCompetiteur(numCompetiteur,numConcours) VALUES(80,3);
INSERT INTO ParticipeCompetiteur(numCompetiteur,numConcours) VALUES(85,3);
INSERT INTO ParticipeCompetiteur(numCompetiteur,numConcours) VALUES(86,3);
INSERT INTO ParticipeCompetiteur(numCompetiteur,numConcours) VALUES(87,3);
INSERT INTO ParticipeCompetiteur(numCompetiteur,numConcours) VALUES(88,3);
INSERT INTO ParticipeCompetiteur(numCompetiteur,numConcours) VALUES(89,3);
INSERT INTO ParticipeCompetiteur(numCompetiteur,numConcours) VALUES(90,3);
INSERT INTO ParticipeCompetiteur(numCompetiteur,numConcours) VALUES(15,4);
INSERT INTO ParticipeCompetiteur(numCompetiteur,numConcours) VALUES(16,4);
INSERT INTO ParticipeCompetiteur(numCompetiteur,numConcours) VALUES(17,4);
INSERT INTO ParticipeCompetiteur(numCompetiteur,numConcours) VALUES(18,4);
INSERT INTO ParticipeCompetiteur(numCompetiteur,numConcours) VALUES(19,4);
INSERT INTO ParticipeCompetiteur(numCompetiteur,numConcours) VALUES(20,4);
INSERT INTO ParticipeCompetiteur(numCompetiteur,numConcours) VALUES(25,4);
INSERT INTO ParticipeCompetiteur(numCompetiteur,numConcours) VALUES(26,4);
INSERT INTO ParticipeCompetiteur(numCompetiteur,numConcours) VALUES(27,4);
INSERT INTO ParticipeCompetiteur(numCompetiteur,numConcours) VALUES(28,4);
INSERT INTO ParticipeCompetiteur(numCompetiteur,numConcours) VALUES(29,4);
INSERT INTO ParticipeCompetiteur(numCompetiteur,numConcours) VALUES(30,4);
INSERT INTO ParticipeCompetiteur(numCompetiteur,numConcours) VALUES(65,4);
INSERT INTO ParticipeCompetiteur(numCompetiteur,numConcours) VALUES(66,4);
INSERT INTO ParticipeCompetiteur(numCompetiteur,numConcours) VALUES(67,4);
INSERT INTO ParticipeCompetiteur(numCompetiteur,numConcours) VALUES(68,4);
INSERT INTO ParticipeCompetiteur(numCompetiteur,numConcours) VALUES(69,4);
INSERT INTO ParticipeCompetiteur(numCompetiteur,numConcours) VALUES(70,4);
INSERT INTO ParticipeCompetiteur(numCompetiteur,numConcours) VALUES(75,4);
INSERT INTO ParticipeCompetiteur(numCompetiteur,numConcours) VALUES(76,4);
INSERT INTO ParticipeCompetiteur(numCompetiteur,numConcours) VALUES(77,4);
INSERT INTO ParticipeCompetiteur(numCompetiteur,numConcours) VALUES(78,4);
INSERT INTO ParticipeCompetiteur(numCompetiteur,numConcours) VALUES(79,4);
INSERT INTO ParticipeCompetiteur(numCompetiteur,numConcours) VALUES(80,4);
INSERT INTO ParticipeCompetiteur(numCompetiteur,numConcours) VALUES(95,4);
INSERT INTO ParticipeCompetiteur(numCompetiteur,numConcours) VALUES(96,4);
INSERT INTO ParticipeCompetiteur(numCompetiteur,numConcours) VALUES(97,4);
INSERT INTO ParticipeCompetiteur(numCompetiteur,numConcours) VALUES(98,4);
INSERT INTO ParticipeCompetiteur(numCompetiteur,numConcours) VALUES(99,4);
INSERT INTO ParticipeCompetiteur(numCompetiteur,numConcours) VALUES(100,4);
INSERT INTO ParticipeCompetiteur(numCompetiteur,numConcours) VALUES(115,4);
INSERT INTO ParticipeCompetiteur(numCompetiteur,numConcours) VALUES(116,4);
INSERT INTO ParticipeCompetiteur(numCompetiteur,numConcours) VALUES(117,4);
INSERT INTO ParticipeCompetiteur(numCompetiteur,numConcours) VALUES(118,4);
INSERT INTO ParticipeCompetiteur(numCompetiteur,numConcours) VALUES(119,4);
INSERT INTO ParticipeCompetiteur(numCompetiteur,numConcours) VALUES(120,4);
INSERT INTO ParticipeCompetiteur(numCompetiteur,numConcours) VALUES(165,4);
INSERT INTO ParticipeCompetiteur(numCompetiteur,numConcours) VALUES(166,4);
INSERT INTO ParticipeCompetiteur(numCompetiteur,numConcours) VALUES(167,4);
INSERT INTO ParticipeCompetiteur(numCompetiteur,numConcours) VALUES(168,4);
INSERT INTO ParticipeCompetiteur(numCompetiteur,numConcours) VALUES(169,4);
INSERT INTO ParticipeCompetiteur(numCompetiteur,numConcours) VALUES(170,4);
INSERT INTO ParticipeCompetiteur(numCompetiteur,numConcours) VALUES(175,4);
INSERT INTO ParticipeCompetiteur(numCompetiteur,numConcours) VALUES(176,4);
INSERT INTO ParticipeCompetiteur(numCompetiteur,numConcours) VALUES(177,4);
INSERT INTO ParticipeCompetiteur(numCompetiteur,numConcours) VALUES(178,4);
INSERT INTO ParticipeCompetiteur(numCompetiteur,numConcours) VALUES(179,4);
INSERT INTO ParticipeCompetiteur(numCompetiteur,numConcours) VALUES(180,4);

INSERT INTO Dessin(numDessin,commentaire,classement,dateRemise,leDessin,numCompetiteur,numConcours) VALUES(1,null,85,'2021-01-17','placeholder',5,1);
INSERT INTO Dessin(numDessin,commentaire,classement,dateRemise,leDessin,numCompetiteur,numConcours) VALUES(2,null,143,'2021-01-11','placeholder',5,1);
INSERT INTO Dessin(numDessin,commentaire,classement,dateRemise,leDessin,numCompetiteur,numConcours) VALUES(3,null,132,'2021-01-02','placeholder',6,1);
INSERT INTO Dessin(numDessin,commentaire,classement,dateRemise,leDessin,numCompetiteur,numConcours) VALUES(4,null,122,'2021-01-03','placeholder',6,1);
INSERT INTO Dessin(numDessin,commentaire,classement,dateRemise,leDessin,numCompetiteur,numConcours) VALUES(5,null,58,'2021-01-17','placeholder',7,1);
INSERT INTO Dessin(numDessin,commentaire,classement,dateRemise,leDessin,numCompetiteur,numConcours) VALUES(6,null,86,'2021-01-01','placeholder',7,1);
INSERT INTO Dessin(numDessin,commentaire,classement,dateRemise,leDessin,numCompetiteur,numConcours) VALUES(7,null,135,'2021-01-26','placeholder',8,1);
INSERT INTO Dessin(numDessin,commentaire,classement,dateRemise,leDessin,numCompetiteur,numConcours) VALUES(8,null,101,'2021-01-17','placeholder',8,1);
INSERT INTO Dessin(numDessin,commentaire,classement,dateRemise,leDessin,numCompetiteur,numConcours) VALUES(9,null,61,'2021-01-06','placeholder',9,1);
INSERT INTO Dessin(numDessin,commentaire,classement,dateRemise,leDessin,numCompetiteur,numConcours) VALUES(10,null,72,'2021-01-09','placeholder',9,1);
INSERT INTO Dessin(numDessin,commentaire,classement,dateRemise,leDessin,numCompetiteur,numConcours) VALUES(11,null,66,'2021-01-03','placeholder',10,1);
INSERT INTO Dessin(numDessin,commentaire,classement,dateRemise,leDessin,numCompetiteur,numConcours) VALUES(12,null,2,'2021-01-11','placeholder',10,1);
INSERT INTO Dessin(numDessin,commentaire,classement,dateRemise,leDessin,numCompetiteur,numConcours) VALUES(13,null,104,'2021-01-09','placeholder',15,1);
INSERT INTO Dessin(numDessin,commentaire,classement,dateRemise,leDessin,numCompetiteur,numConcours) VALUES(14,null,22,'2021-01-20','placeholder',15,1);
INSERT INTO Dessin(numDessin,commentaire,classement,dateRemise,leDessin,numCompetiteur,numConcours) VALUES(15,null,89,'2021-01-05','placeholder',16,1);
INSERT INTO Dessin(numDessin,commentaire,classement,dateRemise,leDessin,numCompetiteur,numConcours) VALUES(16,null,3,'2021-01-23','placeholder',16,1);
INSERT INTO Dessin(numDessin,commentaire,classement,dateRemise,leDessin,numCompetiteur,numConcours) VALUES(17,null,24,'2021-01-11','placeholder',17,1);
INSERT INTO Dessin(numDessin,commentaire,classement,dateRemise,leDessin,numCompetiteur,numConcours) VALUES(18,null,67,'2021-01-15','placeholder',17,1);
INSERT INTO Dessin(numDessin,commentaire,classement,dateRemise,leDessin,numCompetiteur,numConcours) VALUES(19,null,81,'2021-01-08','placeholder',18,1);
INSERT INTO Dessin(numDessin,commentaire,classement,dateRemise,leDessin,numCompetiteur,numConcours) VALUES(20,null,46,'2021-01-03','placeholder',18,1);
INSERT INTO Dessin(numDessin,commentaire,classement,dateRemise,leDessin,numCompetiteur,numConcours) VALUES(21,null,23,'2021-01-02','placeholder',19,1);
INSERT INTO Dessin(numDessin,commentaire,classement,dateRemise,leDessin,numCompetiteur,numConcours) VALUES(22,null,119,'2021-01-10','placeholder',19,1);
INSERT INTO Dessin(numDessin,commentaire,classement,dateRemise,leDessin,numCompetiteur,numConcours) VALUES(23,null,35,'2021-01-19','placeholder',20,1);
INSERT INTO Dessin(numDessin,commentaire,classement,dateRemise,leDessin,numCompetiteur,numConcours) VALUES(24,null,127,'2021-01-15','placeholder',20,1);
INSERT INTO Dessin(numDessin,commentaire,classement,dateRemise,leDessin,numCompetiteur,numConcours) VALUES(25,null,60,'2021-01-19','placeholder',35,1);
INSERT INTO Dessin(numDessin,commentaire,classement,dateRemise,leDessin,numCompetiteur,numConcours) VALUES(26,null,84,'2021-01-17','placeholder',35,1);
INSERT INTO Dessin(numDessin,commentaire,classement,dateRemise,leDessin,numCompetiteur,numConcours) VALUES(27,null,109,'2021-01-12','placeholder',36,1);
INSERT INTO Dessin(numDessin,commentaire,classement,dateRemise,leDessin,numCompetiteur,numConcours) VALUES(28,null,63,'2021-01-25','placeholder',36,1);
INSERT INTO Dessin(numDessin,commentaire,classement,dateRemise,leDessin,numCompetiteur,numConcours) VALUES(29,null,75,'2021-01-11','placeholder',37,1);
INSERT INTO Dessin(numDessin,commentaire,classement,dateRemise,leDessin,numCompetiteur,numConcours) VALUES(30,null,16,'2021-01-17','placeholder',37,1);
INSERT INTO Dessin(numDessin,commentaire,classement,dateRemise,leDessin,numCompetiteur,numConcours) VALUES(31,null,56,'2021-01-23','placeholder',38,1);
INSERT INTO Dessin(numDessin,commentaire,classement,dateRemise,leDessin,numCompetiteur,numConcours) VALUES(32,null,73,'2021-01-01','placeholder',38,1);
INSERT INTO Dessin(numDessin,commentaire,classement,dateRemise,leDessin,numCompetiteur,numConcours) VALUES(33,null,59,'2021-01-01','placeholder',39,1);
INSERT INTO Dessin(numDessin,commentaire,classement,dateRemise,leDessin,numCompetiteur,numConcours) VALUES(34,null,88,'2021-01-15','placeholder',39,1);
INSERT INTO Dessin(numDessin,commentaire,classement,dateRemise,leDessin,numCompetiteur,numConcours) VALUES(35,null,133,'2021-01-05','placeholder',40,1);
INSERT INTO Dessin(numDessin,commentaire,classement,dateRemise,leDessin,numCompetiteur,numConcours) VALUES(36,null,28,'2021-01-09','placeholder',40,1);
INSERT INTO Dessin(numDessin,commentaire,classement,dateRemise,leDessin,numCompetiteur,numConcours) VALUES(37,null,91,'2021-01-22','placeholder',45,1);
INSERT INTO Dessin(numDessin,commentaire,classement,dateRemise,leDessin,numCompetiteur,numConcours) VALUES(38,null,116,'2021-01-25','placeholder',45,1);
INSERT INTO Dessin(numDessin,commentaire,classement,dateRemise,leDessin,numCompetiteur,numConcours) VALUES(39,null,124,'2021-01-21','placeholder',46,1);
INSERT INTO Dessin(numDessin,commentaire,classement,dateRemise,leDessin,numCompetiteur,numConcours) VALUES(40,null,43,'2021-01-10','placeholder',46,1);
INSERT INTO Dessin(numDessin,commentaire,classement,dateRemise,leDessin,numCompetiteur,numConcours) VALUES(41,null,110,'2021-01-20','placeholder',47,1);
INSERT INTO Dessin(numDessin,commentaire,classement,dateRemise,leDessin,numCompetiteur,numConcours) VALUES(42,null,62,'2021-01-01','placeholder',47,1);
INSERT INTO Dessin(numDessin,commentaire,classement,dateRemise,leDessin,numCompetiteur,numConcours) VALUES(43,null,118,'2021-01-18','placeholder',48,1);
INSERT INTO Dessin(numDessin,commentaire,classement,dateRemise,leDessin,numCompetiteur,numConcours) VALUES(44,null,19,'2021-01-14','placeholder',48,1);
INSERT INTO Dessin(numDessin,commentaire,classement,dateRemise,leDessin,numCompetiteur,numConcours) VALUES(45,null,64,'2021-01-25','placeholder',49,1);
INSERT INTO Dessin(numDessin,commentaire,classement,dateRemise,leDessin,numCompetiteur,numConcours) VALUES(46,null,54,'2021-01-04','placeholder',49,1);
INSERT INTO Dessin(numDessin,commentaire,classement,dateRemise,leDessin,numCompetiteur,numConcours) VALUES(47,null,79,'2021-01-10','placeholder',50,1);
INSERT INTO Dessin(numDessin,commentaire,classement,dateRemise,leDessin,numCompetiteur,numConcours) VALUES(48,null,21,'2021-01-15','placeholder',50,1);
INSERT INTO Dessin(numDessin,commentaire,classement,dateRemise,leDessin,numCompetiteur,numConcours) VALUES(49,null,13,'2021-01-12','placeholder',95,1);
INSERT INTO Dessin(numDessin,commentaire,classement,dateRemise,leDessin,numCompetiteur,numConcours) VALUES(50,null,115,'2021-01-03','placeholder',95,1);
INSERT INTO Dessin(numDessin,commentaire,classement,dateRemise,leDessin,numCompetiteur,numConcours) VALUES(51,null,95,'2021-01-11','placeholder',96,1);
INSERT INTO Dessin(numDessin,commentaire,classement,dateRemise,leDessin,numCompetiteur,numConcours) VALUES(52,null,18,'2021-01-15','placeholder',96,1);
INSERT INTO Dessin(numDessin,commentaire,classement,dateRemise,leDessin,numCompetiteur,numConcours) VALUES(53,null,99,'2021-01-07','placeholder',97,1);
INSERT INTO Dessin(numDessin,commentaire,classement,dateRemise,leDessin,numCompetiteur,numConcours) VALUES(54,null,103,'2021-01-05','placeholder',97,1);
INSERT INTO Dessin(numDessin,commentaire,classement,dateRemise,leDessin,numCompetiteur,numConcours) VALUES(55,null,139,'2021-01-01','placeholder',98,1);
INSERT INTO Dessin(numDessin,commentaire,classement,dateRemise,leDessin,numCompetiteur,numConcours) VALUES(56,null,144,'2021-01-26','placeholder',98,1);
INSERT INTO Dessin(numDessin,commentaire,classement,dateRemise,leDessin,numCompetiteur,numConcours) VALUES(57,null,14,'2021-01-22','placeholder',99,1);
INSERT INTO Dessin(numDessin,commentaire,classement,dateRemise,leDessin,numCompetiteur,numConcours) VALUES(58,null,98,'2021-01-05','placeholder',99,1);
INSERT INTO Dessin(numDessin,commentaire,classement,dateRemise,leDessin,numCompetiteur,numConcours) VALUES(59,null,131,'2021-01-06','placeholder',100,1);
INSERT INTO Dessin(numDessin,commentaire,classement,dateRemise,leDessin,numCompetiteur,numConcours) VALUES(60,null,11,'2021-01-11','placeholder',100,1);
INSERT INTO Dessin(numDessin,commentaire,classement,dateRemise,leDessin,numCompetiteur,numConcours) VALUES(61,null,141,'2021-01-11','placeholder',105,1);
INSERT INTO Dessin(numDessin,commentaire,classement,dateRemise,leDessin,numCompetiteur,numConcours) VALUES(62,null,107,'2021-01-10','placeholder',105,1);
INSERT INTO Dessin(numDessin,commentaire,classement,dateRemise,leDessin,numCompetiteur,numConcours) VALUES(63,null,29,'2021-01-05','placeholder',106,1);
INSERT INTO Dessin(numDessin,commentaire,classement,dateRemise,leDessin,numCompetiteur,numConcours) VALUES(64,null,31,'2021-01-09','placeholder',106,1);
INSERT INTO Dessin(numDessin,commentaire,classement,dateRemise,leDessin,numCompetiteur,numConcours) VALUES(65,null,130,'2021-01-25','placeholder',107,1);
INSERT INTO Dessin(numDessin,commentaire,classement,dateRemise,leDessin,numCompetiteur,numConcours) VALUES(66,null,134,'2021-01-24','placeholder',107,1);
INSERT INTO Dessin(numDessin,commentaire,classement,dateRemise,leDessin,numCompetiteur,numConcours) VALUES(67,null,53,'2021-01-05','placeholder',108,1);
INSERT INTO Dessin(numDessin,commentaire,classement,dateRemise,leDessin,numCompetiteur,numConcours) VALUES(68,null,128,'2021-01-24','placeholder',108,1);
INSERT INTO Dessin(numDessin,commentaire,classement,dateRemise,leDessin,numCompetiteur,numConcours) VALUES(69,null,71,'2021-01-04','placeholder',109,1);
INSERT INTO Dessin(numDessin,commentaire,classement,dateRemise,leDessin,numCompetiteur,numConcours) VALUES(70,null,4,'2021-01-19','placeholder',109,1);
INSERT INTO Dessin(numDessin,commentaire,classement,dateRemise,leDessin,numCompetiteur,numConcours) VALUES(71,null,48,'2021-01-21','placeholder',110,1);
INSERT INTO Dessin(numDessin,commentaire,classement,dateRemise,leDessin,numCompetiteur,numConcours) VALUES(72,null,123,'2021-01-09','placeholder',110,1);
INSERT INTO Dessin(numDessin,commentaire,classement,dateRemise,leDessin,numCompetiteur,numConcours) VALUES(73,null,93,'2021-01-02','placeholder',125,1);
INSERT INTO Dessin(numDessin,commentaire,classement,dateRemise,leDessin,numCompetiteur,numConcours) VALUES(74,null,111,'2021-01-16','placeholder',125,1);
INSERT INTO Dessin(numDessin,commentaire,classement,dateRemise,leDessin,numCompetiteur,numConcours) VALUES(75,null,113,'2021-01-10','placeholder',126,1);
INSERT INTO Dessin(numDessin,commentaire,classement,dateRemise,leDessin,numCompetiteur,numConcours) VALUES(76,null,120,'2021-01-25','placeholder',126,1);
INSERT INTO Dessin(numDessin,commentaire,classement,dateRemise,leDessin,numCompetiteur,numConcours) VALUES(77,null,68,'2021-01-17','placeholder',127,1);
INSERT INTO Dessin(numDessin,commentaire,classement,dateRemise,leDessin,numCompetiteur,numConcours) VALUES(78,null,125,'2021-01-25','placeholder',127,1);
INSERT INTO Dessin(numDessin,commentaire,classement,dateRemise,leDessin,numCompetiteur,numConcours) VALUES(79,null,117,'2021-01-22','placeholder',128,1);
INSERT INTO Dessin(numDessin,commentaire,classement,dateRemise,leDessin,numCompetiteur,numConcours) VALUES(80,null,137,'2021-01-08','placeholder',128,1);
INSERT INTO Dessin(numDessin,commentaire,classement,dateRemise,leDessin,numCompetiteur,numConcours) VALUES(81,null,70,'2021-01-13','placeholder',129,1);
INSERT INTO Dessin(numDessin,commentaire,classement,dateRemise,leDessin,numCompetiteur,numConcours) VALUES(82,null,17,'2021-01-20','placeholder',129,1);
INSERT INTO Dessin(numDessin,commentaire,classement,dateRemise,leDessin,numCompetiteur,numConcours) VALUES(83,null,8,'2021-01-17','placeholder',130,1);
INSERT INTO Dessin(numDessin,commentaire,classement,dateRemise,leDessin,numCompetiteur,numConcours) VALUES(84,null,33,'2021-01-15','placeholder',130,1);
INSERT INTO Dessin(numDessin,commentaire,classement,dateRemise,leDessin,numCompetiteur,numConcours) VALUES(85,null,74,'2021-01-25','placeholder',135,1);
INSERT INTO Dessin(numDessin,commentaire,classement,dateRemise,leDessin,numCompetiteur,numConcours) VALUES(86,null,45,'2021-01-24','placeholder',135,1);
INSERT INTO Dessin(numDessin,commentaire,classement,dateRemise,leDessin,numCompetiteur,numConcours) VALUES(87,null,41,'2021-01-17','placeholder',136,1);
INSERT INTO Dessin(numDessin,commentaire,classement,dateRemise,leDessin,numCompetiteur,numConcours) VALUES(88,null,69,'2021-01-19','placeholder',136,1);
INSERT INTO Dessin(numDessin,commentaire,classement,dateRemise,leDessin,numCompetiteur,numConcours) VALUES(89,null,57,'2021-01-05','placeholder',137,1);
INSERT INTO Dessin(numDessin,commentaire,classement,dateRemise,leDessin,numCompetiteur,numConcours) VALUES(90,null,34,'2021-01-06','placeholder',137,1);
INSERT INTO Dessin(numDessin,commentaire,classement,dateRemise,leDessin,numCompetiteur,numConcours) VALUES(91,null,47,'2021-01-11','placeholder',138,1);
INSERT INTO Dessin(numDessin,commentaire,classement,dateRemise,leDessin,numCompetiteur,numConcours) VALUES(92,null,32,'2021-01-13','placeholder',138,1);
INSERT INTO Dessin(numDessin,commentaire,classement,dateRemise,leDessin,numCompetiteur,numConcours) VALUES(93,null,12,'2021-01-20','placeholder',139,1);
INSERT INTO Dessin(numDessin,commentaire,classement,dateRemise,leDessin,numCompetiteur,numConcours) VALUES(94,null,15,'2021-01-07','placeholder',139,1);
INSERT INTO Dessin(numDessin,commentaire,classement,dateRemise,leDessin,numCompetiteur,numConcours) VALUES(95,null,36,'2021-01-17','placeholder',140,1);
INSERT INTO Dessin(numDessin,commentaire,classement,dateRemise,leDessin,numCompetiteur,numConcours) VALUES(96,null,140,'2021-01-24','placeholder',140,1);
INSERT INTO Dessin(numDessin,commentaire,classement,dateRemise,leDessin,numCompetiteur,numConcours) VALUES(97,null,null,'2022-04-16','placeholder',135,2);
INSERT INTO Dessin(numDessin,commentaire,classement,dateRemise,leDessin,numCompetiteur,numConcours) VALUES(98,null,null,'2022-04-13','placeholder',136,2);
INSERT INTO Dessin(numDessin,commentaire,classement,dateRemise,leDessin,numCompetiteur,numConcours) VALUES(99,null,null,'2022-04-24','placeholder',137,2);
INSERT INTO Dessin(numDessin,commentaire,classement,dateRemise,leDessin,numCompetiteur,numConcours) VALUES(100,null,null,'2022-04-04','placeholder',138,2);
INSERT INTO Dessin(numDessin,commentaire,classement,dateRemise,leDessin,numCompetiteur,numConcours) VALUES(101,null,null,'2022-04-17','placeholder',139,2);
INSERT INTO Dessin(numDessin,commentaire,classement,dateRemise,leDessin,numCompetiteur,numConcours) VALUES(102,null,null,'2022-04-25','placeholder',140,2);
INSERT INTO Dessin(numDessin,commentaire,classement,dateRemise,leDessin,numCompetiteur,numConcours) VALUES(103,null,null,'2022-04-08','placeholder',145,2);
INSERT INTO Dessin(numDessin,commentaire,classement,dateRemise,leDessin,numCompetiteur,numConcours) VALUES(104,null,null,'2022-04-25','placeholder',146,2);
INSERT INTO Dessin(numDessin,commentaire,classement,dateRemise,leDessin,numCompetiteur,numConcours) VALUES(105,null,null,'2022-04-15','placeholder',147,2);
INSERT INTO Dessin(numDessin,commentaire,classement,dateRemise,leDessin,numCompetiteur,numConcours) VALUES(106,null,null,'2022-04-16','placeholder',148,2);
INSERT INTO Dessin(numDessin,commentaire,classement,dateRemise,leDessin,numCompetiteur,numConcours) VALUES(107,null,null,'2022-04-14','placeholder',149,2);
INSERT INTO Dessin(numDessin,commentaire,classement,dateRemise,leDessin,numCompetiteur,numConcours) VALUES(108,null,null,'2022-04-03','placeholder',150,2);
INSERT INTO Dessin(numDessin,commentaire,classement,dateRemise,leDessin,numCompetiteur,numConcours) VALUES(109,null,null,'2022-04-08','placeholder',155,2);
INSERT INTO Dessin(numDessin,commentaire,classement,dateRemise,leDessin,numCompetiteur,numConcours) VALUES(110,null,null,'2022-04-04','placeholder',156,2);
INSERT INTO Dessin(numDessin,commentaire,classement,dateRemise,leDessin,numCompetiteur,numConcours) VALUES(111,null,null,'2022-04-23','placeholder',157,2);
INSERT INTO Dessin(numDessin,commentaire,classement,dateRemise,leDessin,numCompetiteur,numConcours) VALUES(112,null,null,'2022-04-04','placeholder',158,2);
INSERT INTO Dessin(numDessin,commentaire,classement,dateRemise,leDessin,numCompetiteur,numConcours) VALUES(113,null,null,'2022-04-08','placeholder',159,2);
INSERT INTO Dessin(numDessin,commentaire,classement,dateRemise,leDessin,numCompetiteur,numConcours) VALUES(114,null,null,'2022-04-03','placeholder',160,2);
INSERT INTO Dessin(numDessin,commentaire,classement,dateRemise,leDessin,numCompetiteur,numConcours) VALUES(115,null,null,'2022-04-07','placeholder',165,2);
INSERT INTO Dessin(numDessin,commentaire,classement,dateRemise,leDessin,numCompetiteur,numConcours) VALUES(116,null,null,'2022-04-02','placeholder',166,2);
INSERT INTO Dessin(numDessin,commentaire,classement,dateRemise,leDessin,numCompetiteur,numConcours) VALUES(117,null,null,'2022-04-06','placeholder',167,2);
INSERT INTO Dessin(numDessin,commentaire,classement,dateRemise,leDessin,numCompetiteur,numConcours) VALUES(118,null,null,'2022-04-23','placeholder',168,2);
INSERT INTO Dessin(numDessin,commentaire,classement,dateRemise,leDessin,numCompetiteur,numConcours) VALUES(119,null,null,'2022-04-10','placeholder',169,2);
INSERT INTO Dessin(numDessin,commentaire,classement,dateRemise,leDessin,numCompetiteur,numConcours) VALUES(120,null,null,'2022-04-16','placeholder',170,2);
INSERT INTO Dessin(numDessin,commentaire,classement,dateRemise,leDessin,numCompetiteur,numConcours) VALUES(121,null,null,'2022-04-03','placeholder',185,2);
INSERT INTO Dessin(numDessin,commentaire,classement,dateRemise,leDessin,numCompetiteur,numConcours) VALUES(122,null,null,'2022-04-12','placeholder',186,2);
INSERT INTO Dessin(numDessin,commentaire,classement,dateRemise,leDessin,numCompetiteur,numConcours) VALUES(123,null,null,'2022-04-10','placeholder',187,2);
INSERT INTO Dessin(numDessin,commentaire,classement,dateRemise,leDessin,numCompetiteur,numConcours) VALUES(124,null,null,'2022-04-07','placeholder',188,2);
INSERT INTO Dessin(numDessin,commentaire,classement,dateRemise,leDessin,numCompetiteur,numConcours) VALUES(125,null,null,'2022-04-19','placeholder',189,2);
INSERT INTO Dessin(numDessin,commentaire,classement,dateRemise,leDessin,numCompetiteur,numConcours) VALUES(126,null,null,'2022-04-21','placeholder',190,2);
INSERT INTO Dessin(numDessin,commentaire,classement,dateRemise,leDessin,numCompetiteur,numConcours) VALUES(127,null,null,'2022-04-06','placeholder',195,2);
INSERT INTO Dessin(numDessin,commentaire,classement,dateRemise,leDessin,numCompetiteur,numConcours) VALUES(128,null,null,'2022-04-26','placeholder',196,2);
INSERT INTO Dessin(numDessin,commentaire,classement,dateRemise,leDessin,numCompetiteur,numConcours) VALUES(129,null,null,'2022-04-01','placeholder',197,2);
INSERT INTO Dessin(numDessin,commentaire,classement,dateRemise,leDessin,numCompetiteur,numConcours) VALUES(130,null,null,'2022-04-02','placeholder',198,2);
INSERT INTO Dessin(numDessin,commentaire,classement,dateRemise,leDessin,numCompetiteur,numConcours) VALUES(131,null,null,'2022-04-26','placeholder',199,2);
INSERT INTO Dessin(numDessin,commentaire,classement,dateRemise,leDessin,numCompetiteur,numConcours) VALUES(132,null,null,'2022-04-02','placeholder',200,2);
INSERT INTO Dessin(numDessin,commentaire,classement,dateRemise,leDessin,numCompetiteur,numConcours) VALUES(133,null,null,'2022-04-13','placeholder',215,2);
INSERT INTO Dessin(numDessin,commentaire,classement,dateRemise,leDessin,numCompetiteur,numConcours) VALUES(134,null,null,'2022-04-19','placeholder',216,2);
INSERT INTO Dessin(numDessin,commentaire,classement,dateRemise,leDessin,numCompetiteur,numConcours) VALUES(135,null,null,'2022-04-05','placeholder',217,2);
INSERT INTO Dessin(numDessin,commentaire,classement,dateRemise,leDessin,numCompetiteur,numConcours) VALUES(136,null,null,'2022-04-08','placeholder',218,2);
INSERT INTO Dessin(numDessin,commentaire,classement,dateRemise,leDessin,numCompetiteur,numConcours) VALUES(137,null,null,'2022-04-11','placeholder',219,2);
INSERT INTO Dessin(numDessin,commentaire,classement,dateRemise,leDessin,numCompetiteur,numConcours) VALUES(138,null,null,'2022-04-08','placeholder',220,2);
INSERT INTO Dessin(numDessin,commentaire,classement,dateRemise,leDessin,numCompetiteur,numConcours) VALUES(139,null,null,'2022-04-26','placeholder',225,2);
INSERT INTO Dessin(numDessin,commentaire,classement,dateRemise,leDessin,numCompetiteur,numConcours) VALUES(140,null,null,'2022-04-18','placeholder',226,2);
INSERT INTO Dessin(numDessin,commentaire,classement,dateRemise,leDessin,numCompetiteur,numConcours) VALUES(141,null,null,'2022-04-21','placeholder',227,2);
INSERT INTO Dessin(numDessin,commentaire,classement,dateRemise,leDessin,numCompetiteur,numConcours) VALUES(142,null,null,'2022-04-20','placeholder',228,2);
INSERT INTO Dessin(numDessin,commentaire,classement,dateRemise,leDessin,numCompetiteur,numConcours) VALUES(143,null,null,'2022-04-03','placeholder',229,2);
INSERT INTO Dessin(numDessin,commentaire,classement,dateRemise,leDessin,numCompetiteur,numConcours) VALUES(144,null,null,'2022-04-24','placeholder',230,2);
INSERT INTO Dessin(numDessin,commentaire,classement,dateRemise,leDessin,numCompetiteur,numConcours) VALUES(145,null,null,'2022-04-16','placeholder',135,2);
INSERT INTO Dessin(numDessin,commentaire,classement,dateRemise,leDessin,numCompetiteur,numConcours) VALUES(146,null,null,'2022-04-22','placeholder',136,2);
INSERT INTO Dessin(numDessin,commentaire,classement,dateRemise,leDessin,numCompetiteur,numConcours) VALUES(147,null,null,'2022-04-04','placeholder',137,2);
INSERT INTO Dessin(numDessin,commentaire,classement,dateRemise,leDessin,numCompetiteur,numConcours) VALUES(148,null,null,'2022-04-04','placeholder',138,2);
INSERT INTO Dessin(numDessin,commentaire,classement,dateRemise,leDessin,numCompetiteur,numConcours) VALUES(149,null,null,'2022-04-25','placeholder',139,2);
INSERT INTO Dessin(numDessin,commentaire,classement,dateRemise,leDessin,numCompetiteur,numConcours) VALUES(150,null,null,'2022-04-26','placeholder',140,2);
INSERT INTO Dessin(numDessin,commentaire,classement,dateRemise,leDessin,numCompetiteur,numConcours) VALUES(151,null,null,'2022-04-21','placeholder',145,2);
INSERT INTO Dessin(numDessin,commentaire,classement,dateRemise,leDessin,numCompetiteur,numConcours) VALUES(152,null,null,'2022-04-22','placeholder',146,2);
INSERT INTO Dessin(numDessin,commentaire,classement,dateRemise,leDessin,numCompetiteur,numConcours) VALUES(153,null,null,'2022-04-10','placeholder',147,2);
INSERT INTO Dessin(numDessin,commentaire,classement,dateRemise,leDessin,numCompetiteur,numConcours) VALUES(154,null,null,'2022-04-21','placeholder',148,2);
INSERT INTO Dessin(numDessin,commentaire,classement,dateRemise,leDessin,numCompetiteur,numConcours) VALUES(155,null,null,'2022-04-06','placeholder',149,2);
INSERT INTO Dessin(numDessin,commentaire,classement,dateRemise,leDessin,numCompetiteur,numConcours) VALUES(156,null,null,'2022-04-16','placeholder',150,2);
INSERT INTO Dessin(numDessin,commentaire,classement,dateRemise,leDessin,numCompetiteur,numConcours) VALUES(157,null,null,'2022-04-15','placeholder',155,2);
INSERT INTO Dessin(numDessin,commentaire,classement,dateRemise,leDessin,numCompetiteur,numConcours) VALUES(158,null,null,'2022-04-19','placeholder',156,2);
INSERT INTO Dessin(numDessin,commentaire,classement,dateRemise,leDessin,numCompetiteur,numConcours) VALUES(159,null,null,'2022-04-23','placeholder',157,2);
INSERT INTO Dessin(numDessin,commentaire,classement,dateRemise,leDessin,numCompetiteur,numConcours) VALUES(160,null,null,'2022-04-02','placeholder',158,2);
INSERT INTO Dessin(numDessin,commentaire,classement,dateRemise,leDessin,numCompetiteur,numConcours) VALUES(161,null,null,'2022-04-03','placeholder',159,2);
INSERT INTO Dessin(numDessin,commentaire,classement,dateRemise,leDessin,numCompetiteur,numConcours) VALUES(162,null,null,'2022-04-22','placeholder',160,2);
INSERT INTO Dessin(numDessin,commentaire,classement,dateRemise,leDessin,numCompetiteur,numConcours) VALUES(163,null,null,'2022-04-17','placeholder',165,2);
INSERT INTO Dessin(numDessin,commentaire,classement,dateRemise,leDessin,numCompetiteur,numConcours) VALUES(164,null,null,'2022-04-09','placeholder',166,2);
INSERT INTO Dessin(numDessin,commentaire,classement,dateRemise,leDessin,numCompetiteur,numConcours) VALUES(165,null,null,'2022-04-22','placeholder',167,2);
INSERT INTO Dessin(numDessin,commentaire,classement,dateRemise,leDessin,numCompetiteur,numConcours) VALUES(166,null,null,'2022-04-18','placeholder',168,2);
INSERT INTO Dessin(numDessin,commentaire,classement,dateRemise,leDessin,numCompetiteur,numConcours) VALUES(167,null,null,'2022-04-04','placeholder',169,2);
INSERT INTO Dessin(numDessin,commentaire,classement,dateRemise,leDessin,numCompetiteur,numConcours) VALUES(168,null,null,'2022-04-11','placeholder',170,2);
INSERT INTO Dessin(numDessin,commentaire,classement,dateRemise,leDessin,numCompetiteur,numConcours) VALUES(169,null,null,'2022-04-22','placeholder',185,2);
INSERT INTO Dessin(numDessin,commentaire,classement,dateRemise,leDessin,numCompetiteur,numConcours) VALUES(170,null,null,'2022-04-06','placeholder',186,2);
INSERT INTO Dessin(numDessin,commentaire,classement,dateRemise,leDessin,numCompetiteur,numConcours) VALUES(171,null,null,'2022-04-19','placeholder',187,2);
INSERT INTO Dessin(numDessin,commentaire,classement,dateRemise,leDessin,numCompetiteur,numConcours) VALUES(172,null,null,'2022-04-24','placeholder',188,2);
INSERT INTO Dessin(numDessin,commentaire,classement,dateRemise,leDessin,numCompetiteur,numConcours) VALUES(173,null,null,'2022-04-23','placeholder',189,2);
INSERT INTO Dessin(numDessin,commentaire,classement,dateRemise,leDessin,numCompetiteur,numConcours) VALUES(174,null,null,'2022-04-19','placeholder',190,2);
INSERT INTO Dessin(numDessin,commentaire,classement,dateRemise,leDessin,numCompetiteur,numConcours) VALUES(175,null,null,'2022-04-17','placeholder',195,2);
INSERT INTO Dessin(numDessin,commentaire,classement,dateRemise,leDessin,numCompetiteur,numConcours) VALUES(176,null,null,'2022-04-04','placeholder',196,2);
INSERT INTO Dessin(numDessin,commentaire,classement,dateRemise,leDessin,numCompetiteur,numConcours) VALUES(177,null,null,'2022-04-05','placeholder',197,2);
INSERT INTO Dessin(numDessin,commentaire,classement,dateRemise,leDessin,numCompetiteur,numConcours) VALUES(178,null,null,'2022-04-15','placeholder',198,2);
INSERT INTO Dessin(numDessin,commentaire,classement,dateRemise,leDessin,numCompetiteur,numConcours) VALUES(179,null,null,'2022-04-08','placeholder',199,2);
INSERT INTO Dessin(numDessin,commentaire,classement,dateRemise,leDessin,numCompetiteur,numConcours) VALUES(180,null,null,'2022-04-25','placeholder',200,2);
INSERT INTO Dessin(numDessin,commentaire,classement,dateRemise,leDessin,numCompetiteur,numConcours) VALUES(181,null,null,'2022-04-18','placeholder',215,2);
INSERT INTO Dessin(numDessin,commentaire,classement,dateRemise,leDessin,numCompetiteur,numConcours) VALUES(182,null,null,'2022-04-04','placeholder',216,2);
INSERT INTO Dessin(numDessin,commentaire,classement,dateRemise,leDessin,numCompetiteur,numConcours) VALUES(183,null,null,'2022-04-19','placeholder',217,2);
INSERT INTO Dessin(numDessin,commentaire,classement,dateRemise,leDessin,numCompetiteur,numConcours) VALUES(184,null,null,'2022-04-24','placeholder',218,2);
INSERT INTO Dessin(numDessin,commentaire,classement,dateRemise,leDessin,numCompetiteur,numConcours) VALUES(185,null,null,'2022-04-15','placeholder',219,2);
INSERT INTO Dessin(numDessin,commentaire,classement,dateRemise,leDessin,numCompetiteur,numConcours) VALUES(186,null,null,'2022-04-26','placeholder',220,2);
INSERT INTO Dessin(numDessin,commentaire,classement,dateRemise,leDessin,numCompetiteur,numConcours) VALUES(187,null,null,'2022-04-23','placeholder',225,2);
INSERT INTO Dessin(numDessin,commentaire,classement,dateRemise,leDessin,numCompetiteur,numConcours) VALUES(188,null,null,'2022-04-23','placeholder',226,2);
INSERT INTO Dessin(numDessin,commentaire,classement,dateRemise,leDessin,numCompetiteur,numConcours) VALUES(189,null,null,'2022-04-20','placeholder',227,2);
INSERT INTO Dessin(numDessin,commentaire,classement,dateRemise,leDessin,numCompetiteur,numConcours) VALUES(190,null,null,'2022-04-08','placeholder',228,2);
INSERT INTO Dessin(numDessin,commentaire,classement,dateRemise,leDessin,numCompetiteur,numConcours) VALUES(191,null,null,'2022-04-21','placeholder',229,2);
INSERT INTO Dessin(numDessin,commentaire,classement,dateRemise,leDessin,numCompetiteur,numConcours) VALUES(192,null,null,'2022-04-06','placeholder',230,2);
INSERT INTO Dessin(numDessin,commentaire,classement,dateRemise,leDessin,numCompetiteur,numConcours) VALUES(193,null,null,'2023-08-13','placeholder',225,3);
INSERT INTO Dessin(numDessin,commentaire,classement,dateRemise,leDessin,numCompetiteur,numConcours) VALUES(194,null,null,'2023-08-20','placeholder',226,3);
INSERT INTO Dessin(numDessin,commentaire,classement,dateRemise,leDessin,numCompetiteur,numConcours) VALUES(195,null,null,'2023-08-25','placeholder',227,3);
INSERT INTO Dessin(numDessin,commentaire,classement,dateRemise,leDessin,numCompetiteur,numConcours) VALUES(196,null,null,'2023-08-09','placeholder',228,3);
INSERT INTO Dessin(numDessin,commentaire,classement,dateRemise,leDessin,numCompetiteur,numConcours) VALUES(197,null,null,'2023-08-05','placeholder',229,3);
INSERT INTO Dessin(numDessin,commentaire,classement,dateRemise,leDessin,numCompetiteur,numConcours) VALUES(198,null,null,'2023-08-16','placeholder',230,3);
INSERT INTO Dessin(numDessin,commentaire,classement,dateRemise,leDessin,numCompetiteur,numConcours) VALUES(199,null,null,'2023-08-08','placeholder',235,3);
INSERT INTO Dessin(numDessin,commentaire,classement,dateRemise,leDessin,numCompetiteur,numConcours) VALUES(200,null,null,'2023-08-06','placeholder',236,3);
INSERT INTO Dessin(numDessin,commentaire,classement,dateRemise,leDessin,numCompetiteur,numConcours) VALUES(201,null,null,'2023-08-07','placeholder',237,3);
INSERT INTO Dessin(numDessin,commentaire,classement,dateRemise,leDessin,numCompetiteur,numConcours) VALUES(202,null,null,'2023-08-17','placeholder',238,3);
INSERT INTO Dessin(numDessin,commentaire,classement,dateRemise,leDessin,numCompetiteur,numConcours) VALUES(203,null,null,'2023-08-06','placeholder',239,3);
INSERT INTO Dessin(numDessin,commentaire,classement,dateRemise,leDessin,numCompetiteur,numConcours) VALUES(204,null,null,'2023-08-22','placeholder',240,3);
INSERT INTO Dessin(numDessin,commentaire,classement,dateRemise,leDessin,numCompetiteur,numConcours) VALUES(205,null,null,'2023-08-22','placeholder',255,3);
INSERT INTO Dessin(numDessin,commentaire,classement,dateRemise,leDessin,numCompetiteur,numConcours) VALUES(206,null,null,'2023-08-26','placeholder',256,3);
INSERT INTO Dessin(numDessin,commentaire,classement,dateRemise,leDessin,numCompetiteur,numConcours) VALUES(207,null,null,'2023-08-22','placeholder',257,3);
INSERT INTO Dessin(numDessin,commentaire,classement,dateRemise,leDessin,numCompetiteur,numConcours) VALUES(208,null,null,'2023-08-07','placeholder',258,3);
INSERT INTO Dessin(numDessin,commentaire,classement,dateRemise,leDessin,numCompetiteur,numConcours) VALUES(209,null,null,'2023-08-03','placeholder',259,3);
INSERT INTO Dessin(numDessin,commentaire,classement,dateRemise,leDessin,numCompetiteur,numConcours) VALUES(210,null,null,'2023-08-08','placeholder',260,3);
INSERT INTO Dessin(numDessin,commentaire,classement,dateRemise,leDessin,numCompetiteur,numConcours) VALUES(211,null,null,'2023-08-13','placeholder',265,3);
INSERT INTO Dessin(numDessin,commentaire,classement,dateRemise,leDessin,numCompetiteur,numConcours) VALUES(212,null,null,'2023-08-19','placeholder',266,3);
INSERT INTO Dessin(numDessin,commentaire,classement,dateRemise,leDessin,numCompetiteur,numConcours) VALUES(213,null,null,'2023-08-23','placeholder',267,3);
INSERT INTO Dessin(numDessin,commentaire,classement,dateRemise,leDessin,numCompetiteur,numConcours) VALUES(214,null,null,'2023-08-20','placeholder',268,3);
INSERT INTO Dessin(numDessin,commentaire,classement,dateRemise,leDessin,numCompetiteur,numConcours) VALUES(215,null,null,'2023-08-17','placeholder',269,3);
INSERT INTO Dessin(numDessin,commentaire,classement,dateRemise,leDessin,numCompetiteur,numConcours) VALUES(216,null,null,'2023-08-12','placeholder',270,3);
INSERT INTO Dessin(numDessin,commentaire,classement,dateRemise,leDessin,numCompetiteur,numConcours) VALUES(217,null,null,'2023-08-11','placeholder',45,3);
INSERT INTO Dessin(numDessin,commentaire,classement,dateRemise,leDessin,numCompetiteur,numConcours) VALUES(218,null,null,'2023-08-11','placeholder',46,3);
INSERT INTO Dessin(numDessin,commentaire,classement,dateRemise,leDessin,numCompetiteur,numConcours) VALUES(219,null,null,'2023-08-05','placeholder',47,3);
INSERT INTO Dessin(numDessin,commentaire,classement,dateRemise,leDessin,numCompetiteur,numConcours) VALUES(220,null,null,'2023-08-01','placeholder',48,3);
INSERT INTO Dessin(numDessin,commentaire,classement,dateRemise,leDessin,numCompetiteur,numConcours) VALUES(221,null,null,'2023-08-05','placeholder',49,3);
INSERT INTO Dessin(numDessin,commentaire,classement,dateRemise,leDessin,numCompetiteur,numConcours) VALUES(222,null,null,'2023-08-10','placeholder',50,3);
INSERT INTO Dessin(numDessin,commentaire,classement,dateRemise,leDessin,numCompetiteur,numConcours) VALUES(223,null,null,'2023-08-03','placeholder',55,3);
INSERT INTO Dessin(numDessin,commentaire,classement,dateRemise,leDessin,numCompetiteur,numConcours) VALUES(224,null,null,'2023-08-05','placeholder',56,3);
INSERT INTO Dessin(numDessin,commentaire,classement,dateRemise,leDessin,numCompetiteur,numConcours) VALUES(225,null,null,'2023-08-17','placeholder',57,3);
INSERT INTO Dessin(numDessin,commentaire,classement,dateRemise,leDessin,numCompetiteur,numConcours) VALUES(226,null,null,'2023-08-26','placeholder',58,3);
INSERT INTO Dessin(numDessin,commentaire,classement,dateRemise,leDessin,numCompetiteur,numConcours) VALUES(227,null,null,'2023-08-12','placeholder',59,3);
INSERT INTO Dessin(numDessin,commentaire,classement,dateRemise,leDessin,numCompetiteur,numConcours) VALUES(228,null,null,'2023-08-14','placeholder',60,3);
INSERT INTO Dessin(numDessin,commentaire,classement,dateRemise,leDessin,numCompetiteur,numConcours) VALUES(229,null,null,'2023-08-19','placeholder',75,3);
INSERT INTO Dessin(numDessin,commentaire,classement,dateRemise,leDessin,numCompetiteur,numConcours) VALUES(230,null,null,'2023-08-26','placeholder',76,3);
INSERT INTO Dessin(numDessin,commentaire,classement,dateRemise,leDessin,numCompetiteur,numConcours) VALUES(231,null,null,'2023-08-21','placeholder',77,3);
INSERT INTO Dessin(numDessin,commentaire,classement,dateRemise,leDessin,numCompetiteur,numConcours) VALUES(232,null,null,'2023-08-06','placeholder',78,3);
INSERT INTO Dessin(numDessin,commentaire,classement,dateRemise,leDessin,numCompetiteur,numConcours) VALUES(233,null,null,'2023-08-21','placeholder',79,3);
INSERT INTO Dessin(numDessin,commentaire,classement,dateRemise,leDessin,numCompetiteur,numConcours) VALUES(234,null,null,'2023-08-20','placeholder',80,3);
INSERT INTO Dessin(numDessin,commentaire,classement,dateRemise,leDessin,numCompetiteur,numConcours) VALUES(235,null,null,'2023-08-19','placeholder',85,3);
INSERT INTO Dessin(numDessin,commentaire,classement,dateRemise,leDessin,numCompetiteur,numConcours) VALUES(236,null,null,'2023-08-07','placeholder',86,3);
INSERT INTO Dessin(numDessin,commentaire,classement,dateRemise,leDessin,numCompetiteur,numConcours) VALUES(237,null,null,'2023-08-02','placeholder',87,3);
INSERT INTO Dessin(numDessin,commentaire,classement,dateRemise,leDessin,numCompetiteur,numConcours) VALUES(238,null,null,'2023-08-10','placeholder',88,3);
INSERT INTO Dessin(numDessin,commentaire,classement,dateRemise,leDessin,numCompetiteur,numConcours) VALUES(239,null,null,'2023-08-21','placeholder',89,3);
INSERT INTO Dessin(numDessin,commentaire,classement,dateRemise,leDessin,numCompetiteur,numConcours) VALUES(240,null,null,'2023-08-05','placeholder',90,3);

INSERT INTO Evaluation(numDessin,numEvaluateur,dateEvaluation,note,commentaire) VALUES(1,12,'2021-01-03',0,'placeholder');
INSERT INTO Evaluation(numDessin,numEvaluateur,dateEvaluation,note,commentaire) VALUES(1,13,'2021-01-08',15,'placeholder');
INSERT INTO Evaluation(numDessin,numEvaluateur,dateEvaluation,note,commentaire) VALUES(2,14,'2021-01-02',2,'placeholder');
INSERT INTO Evaluation(numDessin,numEvaluateur,dateEvaluation,note,commentaire) VALUES(2,12,'2021-01-12',18,'placeholder');
INSERT INTO Evaluation(numDessin,numEvaluateur,dateEvaluation,note,commentaire) VALUES(3,13,'2021-01-22',10,'placeholder');
INSERT INTO Evaluation(numDessin,numEvaluateur,dateEvaluation,note,commentaire) VALUES(3,14,'2021-01-16',10,'placeholder');
INSERT INTO Evaluation(numDessin,numEvaluateur,dateEvaluation,note,commentaire) VALUES(4,12,'2021-01-05',8,'placeholder');
INSERT INTO Evaluation(numDessin,numEvaluateur,dateEvaluation,note,commentaire) VALUES(4,13,'2021-01-07',8,'placeholder');
INSERT INTO Evaluation(numDessin,numEvaluateur,dateEvaluation,note,commentaire) VALUES(5,14,'2021-01-30',7,'placeholder');
INSERT INTO Evaluation(numDessin,numEvaluateur,dateEvaluation,note,commentaire) VALUES(5,12,'2021-01-22',18,'placeholder');
INSERT INTO Evaluation(numDessin,numEvaluateur,dateEvaluation,note,commentaire) VALUES(6,13,'2021-01-06',0,'placeholder');
INSERT INTO Evaluation(numDessin,numEvaluateur,dateEvaluation,note,commentaire) VALUES(6,14,'2021-01-03',8,'placeholder');
INSERT INTO Evaluation(numDessin,numEvaluateur,dateEvaluation,note,commentaire) VALUES(7,12,'2021-01-12',16,'placeholder');
INSERT INTO Evaluation(numDessin,numEvaluateur,dateEvaluation,note,commentaire) VALUES(7,13,'2021-01-23',6,'placeholder');
INSERT INTO Evaluation(numDessin,numEvaluateur,dateEvaluation,note,commentaire) VALUES(8,14,'2021-01-22',0,'placeholder');
INSERT INTO Evaluation(numDessin,numEvaluateur,dateEvaluation,note,commentaire) VALUES(8,12,'2021-01-26',6,'placeholder');
INSERT INTO Evaluation(numDessin,numEvaluateur,dateEvaluation,note,commentaire) VALUES(9,13,'2021-01-11',5,'placeholder');
INSERT INTO Evaluation(numDessin,numEvaluateur,dateEvaluation,note,commentaire) VALUES(9,14,'2021-01-25',17,'placeholder');
INSERT INTO Evaluation(numDessin,numEvaluateur,dateEvaluation,note,commentaire) VALUES(10,12,'2021-01-29',20,'placeholder');
INSERT INTO Evaluation(numDessin,numEvaluateur,dateEvaluation,note,commentaire) VALUES(10,13,'2021-01-30',18,'placeholder');
INSERT INTO Evaluation(numDessin,numEvaluateur,dateEvaluation,note,commentaire) VALUES(11,14,'2021-01-05',1,'placeholder');
INSERT INTO Evaluation(numDessin,numEvaluateur,dateEvaluation,note,commentaire) VALUES(11,12,'2021-01-16',6,'placeholder');
INSERT INTO Evaluation(numDessin,numEvaluateur,dateEvaluation,note,commentaire) VALUES(12,13,'2021-01-14',7,'placeholder');
INSERT INTO Evaluation(numDessin,numEvaluateur,dateEvaluation,note,commentaire) VALUES(12,14,'2021-01-30',7,'placeholder');
INSERT INTO Evaluation(numDessin,numEvaluateur,dateEvaluation,note,commentaire) VALUES(13,32,'2021-01-06',3,'placeholder');
INSERT INTO Evaluation(numDessin,numEvaluateur,dateEvaluation,note,commentaire) VALUES(13,33,'2021-01-28',13,'placeholder');
INSERT INTO Evaluation(numDessin,numEvaluateur,dateEvaluation,note,commentaire) VALUES(14,34,'2021-01-15',10,'placeholder');
INSERT INTO Evaluation(numDessin,numEvaluateur,dateEvaluation,note,commentaire) VALUES(14,32,'2021-01-04',4,'placeholder');
INSERT INTO Evaluation(numDessin,numEvaluateur,dateEvaluation,note,commentaire) VALUES(15,33,'2021-01-28',13,'placeholder');
INSERT INTO Evaluation(numDessin,numEvaluateur,dateEvaluation,note,commentaire) VALUES(15,34,'2021-01-04',15,'placeholder');
INSERT INTO Evaluation(numDessin,numEvaluateur,dateEvaluation,note,commentaire) VALUES(16,32,'2021-01-28',1,'placeholder');
INSERT INTO Evaluation(numDessin,numEvaluateur,dateEvaluation,note,commentaire) VALUES(16,33,'2021-01-19',6,'placeholder');
INSERT INTO Evaluation(numDessin,numEvaluateur,dateEvaluation,note,commentaire) VALUES(17,34,'2021-01-26',4,'placeholder');
INSERT INTO Evaluation(numDessin,numEvaluateur,dateEvaluation,note,commentaire) VALUES(17,32,'2021-01-24',11,'placeholder');
INSERT INTO Evaluation(numDessin,numEvaluateur,dateEvaluation,note,commentaire) VALUES(18,33,'2021-01-20',14,'placeholder');
INSERT INTO Evaluation(numDessin,numEvaluateur,dateEvaluation,note,commentaire) VALUES(18,34,'2021-01-21',17,'placeholder');
INSERT INTO Evaluation(numDessin,numEvaluateur,dateEvaluation,note,commentaire) VALUES(19,32,'2021-01-21',18,'placeholder');
INSERT INTO Evaluation(numDessin,numEvaluateur,dateEvaluation,note,commentaire) VALUES(19,33,'2021-01-11',2,'placeholder');
INSERT INTO Evaluation(numDessin,numEvaluateur,dateEvaluation,note,commentaire) VALUES(20,34,'2021-01-14',7,'placeholder');
INSERT INTO Evaluation(numDessin,numEvaluateur,dateEvaluation,note,commentaire) VALUES(20,32,'2021-01-01',13,'placeholder');
INSERT INTO Evaluation(numDessin,numEvaluateur,dateEvaluation,note,commentaire) VALUES(21,33,'2021-01-23',13,'placeholder');
INSERT INTO Evaluation(numDessin,numEvaluateur,dateEvaluation,note,commentaire) VALUES(21,34,'2021-01-12',5,'placeholder');
INSERT INTO Evaluation(numDessin,numEvaluateur,dateEvaluation,note,commentaire) VALUES(22,32,'2021-01-05',17,'placeholder');
INSERT INTO Evaluation(numDessin,numEvaluateur,dateEvaluation,note,commentaire) VALUES(22,33,'2021-01-30',5,'placeholder');
INSERT INTO Evaluation(numDessin,numEvaluateur,dateEvaluation,note,commentaire) VALUES(23,34,'2021-01-14',8,'placeholder');
INSERT INTO Evaluation(numDessin,numEvaluateur,dateEvaluation,note,commentaire) VALUES(23,32,'2021-01-05',10,'placeholder');
INSERT INTO Evaluation(numDessin,numEvaluateur,dateEvaluation,note,commentaire) VALUES(24,33,'2021-01-10',8,'placeholder');
INSERT INTO Evaluation(numDessin,numEvaluateur,dateEvaluation,note,commentaire) VALUES(24,34,'2021-01-11',6,'placeholder');
INSERT INTO Evaluation(numDessin,numEvaluateur,dateEvaluation,note,commentaire) VALUES(25,42,'2021-01-10',20,'placeholder');
INSERT INTO Evaluation(numDessin,numEvaluateur,dateEvaluation,note,commentaire) VALUES(25,43,'2021-01-08',7,'placeholder');
INSERT INTO Evaluation(numDessin,numEvaluateur,dateEvaluation,note,commentaire) VALUES(26,44,'2021-01-30',7,'placeholder');
INSERT INTO Evaluation(numDessin,numEvaluateur,dateEvaluation,note,commentaire) VALUES(26,42,'2021-01-26',19,'placeholder');
INSERT INTO Evaluation(numDessin,numEvaluateur,dateEvaluation,note,commentaire) VALUES(27,43,'2021-01-13',17,'placeholder');
INSERT INTO Evaluation(numDessin,numEvaluateur,dateEvaluation,note,commentaire) VALUES(27,44,'2021-01-18',1,'placeholder');
INSERT INTO Evaluation(numDessin,numEvaluateur,dateEvaluation,note,commentaire) VALUES(28,42,'2021-01-17',18,'placeholder');
INSERT INTO Evaluation(numDessin,numEvaluateur,dateEvaluation,note,commentaire) VALUES(28,43,'2021-01-13',10,'placeholder');
INSERT INTO Evaluation(numDessin,numEvaluateur,dateEvaluation,note,commentaire) VALUES(29,44,'2021-01-28',20,'placeholder');
INSERT INTO Evaluation(numDessin,numEvaluateur,dateEvaluation,note,commentaire) VALUES(29,42,'2021-01-08',15,'placeholder');
INSERT INTO Evaluation(numDessin,numEvaluateur,dateEvaluation,note,commentaire) VALUES(30,43,'2021-01-26',10,'placeholder');
INSERT INTO Evaluation(numDessin,numEvaluateur,dateEvaluation,note,commentaire) VALUES(30,44,'2021-01-11',11,'placeholder');
INSERT INTO Evaluation(numDessin,numEvaluateur,dateEvaluation,note,commentaire) VALUES(31,42,'2021-01-08',8,'placeholder');
INSERT INTO Evaluation(numDessin,numEvaluateur,dateEvaluation,note,commentaire) VALUES(31,43,'2021-01-30',11,'placeholder');
INSERT INTO Evaluation(numDessin,numEvaluateur,dateEvaluation,note,commentaire) VALUES(32,44,'2021-01-26',2,'placeholder');
INSERT INTO Evaluation(numDessin,numEvaluateur,dateEvaluation,note,commentaire) VALUES(32,42,'2021-01-14',9,'placeholder');
INSERT INTO Evaluation(numDessin,numEvaluateur,dateEvaluation,note,commentaire) VALUES(33,43,'2021-01-14',7,'placeholder');
INSERT INTO Evaluation(numDessin,numEvaluateur,dateEvaluation,note,commentaire) VALUES(33,44,'2021-01-01',14,'placeholder');
INSERT INTO Evaluation(numDessin,numEvaluateur,dateEvaluation,note,commentaire) VALUES(34,42,'2021-01-19',19,'placeholder');
INSERT INTO Evaluation(numDessin,numEvaluateur,dateEvaluation,note,commentaire) VALUES(34,43,'2021-01-07',19,'placeholder');
INSERT INTO Evaluation(numDessin,numEvaluateur,dateEvaluation,note,commentaire) VALUES(35,44,'2021-01-10',1,'placeholder');
INSERT INTO Evaluation(numDessin,numEvaluateur,dateEvaluation,note,commentaire) VALUES(35,42,'2021-01-19',0,'placeholder');
INSERT INTO Evaluation(numDessin,numEvaluateur,dateEvaluation,note,commentaire) VALUES(36,43,'2021-01-02',18,'placeholder');
INSERT INTO Evaluation(numDessin,numEvaluateur,dateEvaluation,note,commentaire) VALUES(36,44,'2021-01-05',20,'placeholder');
INSERT INTO Evaluation(numDessin,numEvaluateur,dateEvaluation,note,commentaire) VALUES(37,92,'2021-01-27',14,'placeholder');
INSERT INTO Evaluation(numDessin,numEvaluateur,dateEvaluation,note,commentaire) VALUES(37,93,'2021-01-04',5,'placeholder');
INSERT INTO Evaluation(numDessin,numEvaluateur,dateEvaluation,note,commentaire) VALUES(38,94,'2021-01-21',0,'placeholder');
INSERT INTO Evaluation(numDessin,numEvaluateur,dateEvaluation,note,commentaire) VALUES(38,92,'2021-01-04',8,'placeholder');
INSERT INTO Evaluation(numDessin,numEvaluateur,dateEvaluation,note,commentaire) VALUES(39,93,'2021-01-28',1,'placeholder');
INSERT INTO Evaluation(numDessin,numEvaluateur,dateEvaluation,note,commentaire) VALUES(39,94,'2021-01-22',4,'placeholder');
INSERT INTO Evaluation(numDessin,numEvaluateur,dateEvaluation,note,commentaire) VALUES(40,92,'2021-01-08',2,'placeholder');
INSERT INTO Evaluation(numDessin,numEvaluateur,dateEvaluation,note,commentaire) VALUES(40,93,'2021-01-27',0,'placeholder');
INSERT INTO Evaluation(numDessin,numEvaluateur,dateEvaluation,note,commentaire) VALUES(41,94,'2021-01-19',2,'placeholder');
INSERT INTO Evaluation(numDessin,numEvaluateur,dateEvaluation,note,commentaire) VALUES(41,92,'2021-01-13',3,'placeholder');
INSERT INTO Evaluation(numDessin,numEvaluateur,dateEvaluation,note,commentaire) VALUES(42,93,'2021-01-06',18,'placeholder');
INSERT INTO Evaluation(numDessin,numEvaluateur,dateEvaluation,note,commentaire) VALUES(42,94,'2021-01-22',17,'placeholder');
INSERT INTO Evaluation(numDessin,numEvaluateur,dateEvaluation,note,commentaire) VALUES(43,92,'2021-01-26',12,'placeholder');
INSERT INTO Evaluation(numDessin,numEvaluateur,dateEvaluation,note,commentaire) VALUES(43,93,'2021-01-13',3,'placeholder');
INSERT INTO Evaluation(numDessin,numEvaluateur,dateEvaluation,note,commentaire) VALUES(44,94,'2021-01-01',10,'placeholder');
INSERT INTO Evaluation(numDessin,numEvaluateur,dateEvaluation,note,commentaire) VALUES(44,92,'2021-01-19',1,'placeholder');
INSERT INTO Evaluation(numDessin,numEvaluateur,dateEvaluation,note,commentaire) VALUES(45,93,'2021-01-12',10,'placeholder');
INSERT INTO Evaluation(numDessin,numEvaluateur,dateEvaluation,note,commentaire) VALUES(45,94,'2021-01-30',18,'placeholder');
INSERT INTO Evaluation(numDessin,numEvaluateur,dateEvaluation,note,commentaire) VALUES(46,92,'2021-01-08',0,'placeholder');
INSERT INTO Evaluation(numDessin,numEvaluateur,dateEvaluation,note,commentaire) VALUES(46,93,'2021-01-17',0,'placeholder');
INSERT INTO Evaluation(numDessin,numEvaluateur,dateEvaluation,note,commentaire) VALUES(47,94,'2021-01-15',10,'placeholder');
INSERT INTO Evaluation(numDessin,numEvaluateur,dateEvaluation,note,commentaire) VALUES(47,92,'2021-01-26',6,'placeholder');
INSERT INTO Evaluation(numDessin,numEvaluateur,dateEvaluation,note,commentaire) VALUES(48,93,'2021-01-28',0,'placeholder');
INSERT INTO Evaluation(numDessin,numEvaluateur,dateEvaluation,note,commentaire) VALUES(48,94,'2021-01-21',12,'placeholder');
INSERT INTO Evaluation(numDessin,numEvaluateur,dateEvaluation,note,commentaire) VALUES(49,102,'2021-01-22',15,'placeholder');
INSERT INTO Evaluation(numDessin,numEvaluateur,dateEvaluation,note,commentaire) VALUES(49,103,'2021-01-01',5,'placeholder');
INSERT INTO Evaluation(numDessin,numEvaluateur,dateEvaluation,note,commentaire) VALUES(50,104,'2021-01-10',9,'placeholder');
INSERT INTO Evaluation(numDessin,numEvaluateur,dateEvaluation,note,commentaire) VALUES(50,102,'2021-01-23',4,'placeholder');
INSERT INTO Evaluation(numDessin,numEvaluateur,dateEvaluation,note,commentaire) VALUES(51,103,'2021-01-17',20,'placeholder');
INSERT INTO Evaluation(numDessin,numEvaluateur,dateEvaluation,note,commentaire) VALUES(51,104,'2021-01-23',14,'placeholder');
INSERT INTO Evaluation(numDessin,numEvaluateur,dateEvaluation,note,commentaire) VALUES(52,102,'2021-01-23',2,'placeholder');
INSERT INTO Evaluation(numDessin,numEvaluateur,dateEvaluation,note,commentaire) VALUES(52,103,'2021-01-25',20,'placeholder');
INSERT INTO Evaluation(numDessin,numEvaluateur,dateEvaluation,note,commentaire) VALUES(53,104,'2021-01-21',14,'placeholder');
INSERT INTO Evaluation(numDessin,numEvaluateur,dateEvaluation,note,commentaire) VALUES(53,102,'2021-01-08',10,'placeholder');
INSERT INTO Evaluation(numDessin,numEvaluateur,dateEvaluation,note,commentaire) VALUES(54,103,'2021-01-02',8,'placeholder');
INSERT INTO Evaluation(numDessin,numEvaluateur,dateEvaluation,note,commentaire) VALUES(54,104,'2021-01-24',1,'placeholder');
INSERT INTO Evaluation(numDessin,numEvaluateur,dateEvaluation,note,commentaire) VALUES(55,102,'2021-01-01',12,'placeholder');
INSERT INTO Evaluation(numDessin,numEvaluateur,dateEvaluation,note,commentaire) VALUES(55,103,'2021-01-11',11,'placeholder');
INSERT INTO Evaluation(numDessin,numEvaluateur,dateEvaluation,note,commentaire) VALUES(56,104,'2021-01-17',16,'placeholder');
INSERT INTO Evaluation(numDessin,numEvaluateur,dateEvaluation,note,commentaire) VALUES(56,102,'2021-01-01',1,'placeholder');
INSERT INTO Evaluation(numDessin,numEvaluateur,dateEvaluation,note,commentaire) VALUES(57,103,'2021-01-01',2,'placeholder');
INSERT INTO Evaluation(numDessin,numEvaluateur,dateEvaluation,note,commentaire) VALUES(57,104,'2021-01-24',2,'placeholder');
INSERT INTO Evaluation(numDessin,numEvaluateur,dateEvaluation,note,commentaire) VALUES(58,102,'2021-01-21',5,'placeholder');
INSERT INTO Evaluation(numDessin,numEvaluateur,dateEvaluation,note,commentaire) VALUES(58,103,'2021-01-01',20,'placeholder');
INSERT INTO Evaluation(numDessin,numEvaluateur,dateEvaluation,note,commentaire) VALUES(59,104,'2021-01-03',4,'placeholder');
INSERT INTO Evaluation(numDessin,numEvaluateur,dateEvaluation,note,commentaire) VALUES(59,102,'2021-01-24',17,'placeholder');
INSERT INTO Evaluation(numDessin,numEvaluateur,dateEvaluation,note,commentaire) VALUES(60,103,'2021-01-06',6,'placeholder');
INSERT INTO Evaluation(numDessin,numEvaluateur,dateEvaluation,note,commentaire) VALUES(60,104,'2021-01-04',16,'placeholder');
INSERT INTO Evaluation(numDessin,numEvaluateur,dateEvaluation,note,commentaire) VALUES(61,122,'2021-01-30',8,'placeholder');
INSERT INTO Evaluation(numDessin,numEvaluateur,dateEvaluation,note,commentaire) VALUES(61,123,'2021-01-22',10,'placeholder');
INSERT INTO Evaluation(numDessin,numEvaluateur,dateEvaluation,note,commentaire) VALUES(62,124,'2021-01-06',0,'placeholder');
INSERT INTO Evaluation(numDessin,numEvaluateur,dateEvaluation,note,commentaire) VALUES(62,122,'2021-01-13',5,'placeholder');
INSERT INTO Evaluation(numDessin,numEvaluateur,dateEvaluation,note,commentaire) VALUES(63,123,'2021-01-28',17,'placeholder');
INSERT INTO Evaluation(numDessin,numEvaluateur,dateEvaluation,note,commentaire) VALUES(63,124,'2021-01-01',18,'placeholder');
INSERT INTO Evaluation(numDessin,numEvaluateur,dateEvaluation,note,commentaire) VALUES(64,122,'2021-01-26',14,'placeholder');
INSERT INTO Evaluation(numDessin,numEvaluateur,dateEvaluation,note,commentaire) VALUES(64,123,'2021-01-24',11,'placeholder');
INSERT INTO Evaluation(numDessin,numEvaluateur,dateEvaluation,note,commentaire) VALUES(65,124,'2021-01-21',9,'placeholder');
INSERT INTO Evaluation(numDessin,numEvaluateur,dateEvaluation,note,commentaire) VALUES(65,122,'2021-01-11',17,'placeholder');
INSERT INTO Evaluation(numDessin,numEvaluateur,dateEvaluation,note,commentaire) VALUES(66,123,'2021-01-09',13,'placeholder');
INSERT INTO Evaluation(numDessin,numEvaluateur,dateEvaluation,note,commentaire) VALUES(66,124,'2021-01-05',13,'placeholder');
INSERT INTO Evaluation(numDessin,numEvaluateur,dateEvaluation,note,commentaire) VALUES(67,122,'2021-01-19',20,'placeholder');
INSERT INTO Evaluation(numDessin,numEvaluateur,dateEvaluation,note,commentaire) VALUES(67,123,'2021-01-03',9,'placeholder');
INSERT INTO Evaluation(numDessin,numEvaluateur,dateEvaluation,note,commentaire) VALUES(68,124,'2021-01-14',20,'placeholder');
INSERT INTO Evaluation(numDessin,numEvaluateur,dateEvaluation,note,commentaire) VALUES(68,122,'2021-01-27',12,'placeholder');
INSERT INTO Evaluation(numDessin,numEvaluateur,dateEvaluation,note,commentaire) VALUES(69,123,'2021-01-14',4,'placeholder');
INSERT INTO Evaluation(numDessin,numEvaluateur,dateEvaluation,note,commentaire) VALUES(69,124,'2021-01-20',14,'placeholder');
INSERT INTO Evaluation(numDessin,numEvaluateur,dateEvaluation,note,commentaire) VALUES(70,122,'2021-01-12',4,'placeholder');
INSERT INTO Evaluation(numDessin,numEvaluateur,dateEvaluation,note,commentaire) VALUES(70,123,'2021-01-16',5,'placeholder');
INSERT INTO Evaluation(numDessin,numEvaluateur,dateEvaluation,note,commentaire) VALUES(71,124,'2021-01-24',9,'placeholder');
INSERT INTO Evaluation(numDessin,numEvaluateur,dateEvaluation,note,commentaire) VALUES(71,122,'2021-01-29',17,'placeholder');
INSERT INTO Evaluation(numDessin,numEvaluateur,dateEvaluation,note,commentaire) VALUES(72,123,'2021-01-23',13,'placeholder');
INSERT INTO Evaluation(numDessin,numEvaluateur,dateEvaluation,note,commentaire) VALUES(72,124,'2021-01-12',1,'placeholder');
INSERT INTO Evaluation(numDessin,numEvaluateur,dateEvaluation,note,commentaire) VALUES(73,132,'2021-01-26',9,'placeholder');
INSERT INTO Evaluation(numDessin,numEvaluateur,dateEvaluation,note,commentaire) VALUES(73,133,'2021-01-18',11,'placeholder');
INSERT INTO Evaluation(numDessin,numEvaluateur,dateEvaluation,note,commentaire) VALUES(74,134,'2021-01-12',6,'placeholder');
INSERT INTO Evaluation(numDessin,numEvaluateur,dateEvaluation,note,commentaire) VALUES(74,132,'2021-01-13',2,'placeholder');
INSERT INTO Evaluation(numDessin,numEvaluateur,dateEvaluation,note,commentaire) VALUES(75,133,'2021-01-16',14,'placeholder');
INSERT INTO Evaluation(numDessin,numEvaluateur,dateEvaluation,note,commentaire) VALUES(75,134,'2021-01-26',20,'placeholder');
INSERT INTO Evaluation(numDessin,numEvaluateur,dateEvaluation,note,commentaire) VALUES(76,132,'2021-01-18',14,'placeholder');
INSERT INTO Evaluation(numDessin,numEvaluateur,dateEvaluation,note,commentaire) VALUES(76,133,'2021-01-19',10,'placeholder');
INSERT INTO Evaluation(numDessin,numEvaluateur,dateEvaluation,note,commentaire) VALUES(77,134,'2021-01-09',6,'placeholder');
INSERT INTO Evaluation(numDessin,numEvaluateur,dateEvaluation,note,commentaire) VALUES(77,132,'2021-01-21',19,'placeholder');
INSERT INTO Evaluation(numDessin,numEvaluateur,dateEvaluation,note,commentaire) VALUES(78,133,'2021-01-02',5,'placeholder');
INSERT INTO Evaluation(numDessin,numEvaluateur,dateEvaluation,note,commentaire) VALUES(78,134,'2021-01-03',16,'placeholder');
INSERT INTO Evaluation(numDessin,numEvaluateur,dateEvaluation,note,commentaire) VALUES(79,132,'2021-01-25',12,'placeholder');
INSERT INTO Evaluation(numDessin,numEvaluateur,dateEvaluation,note,commentaire) VALUES(79,133,'2021-01-04',6,'placeholder');
INSERT INTO Evaluation(numDessin,numEvaluateur,dateEvaluation,note,commentaire) VALUES(80,134,'2021-01-01',15,'placeholder');
INSERT INTO Evaluation(numDessin,numEvaluateur,dateEvaluation,note,commentaire) VALUES(80,132,'2021-01-06',12,'placeholder');
INSERT INTO Evaluation(numDessin,numEvaluateur,dateEvaluation,note,commentaire) VALUES(81,133,'2021-01-21',13,'placeholder');
INSERT INTO Evaluation(numDessin,numEvaluateur,dateEvaluation,note,commentaire) VALUES(81,134,'2021-01-10',5,'placeholder');
INSERT INTO Evaluation(numDessin,numEvaluateur,dateEvaluation,note,commentaire) VALUES(82,132,'2021-01-27',13,'placeholder');
INSERT INTO Evaluation(numDessin,numEvaluateur,dateEvaluation,note,commentaire) VALUES(82,133,'2021-01-15',10,'placeholder');
INSERT INTO Evaluation(numDessin,numEvaluateur,dateEvaluation,note,commentaire) VALUES(83,134,'2021-01-11',0,'placeholder');
INSERT INTO Evaluation(numDessin,numEvaluateur,dateEvaluation,note,commentaire) VALUES(83,132,'2021-01-19',7,'placeholder');
INSERT INTO Evaluation(numDessin,numEvaluateur,dateEvaluation,note,commentaire) VALUES(84,133,'2021-01-14',7,'placeholder');
INSERT INTO Evaluation(numDessin,numEvaluateur,dateEvaluation,note,commentaire) VALUES(84,134,'2021-01-23',19,'placeholder');
INSERT INTO Evaluation(numDessin,numEvaluateur,dateEvaluation,note,commentaire) VALUES(85,2,'2021-01-27',18,'placeholder');
INSERT INTO Evaluation(numDessin,numEvaluateur,dateEvaluation,note,commentaire) VALUES(85,3,'2021-01-27',0,'placeholder');
INSERT INTO Evaluation(numDessin,numEvaluateur,dateEvaluation,note,commentaire) VALUES(86,4,'2021-01-27',6,'placeholder');
INSERT INTO Evaluation(numDessin,numEvaluateur,dateEvaluation,note,commentaire) VALUES(86,2,'2021-01-16',10,'placeholder');
INSERT INTO Evaluation(numDessin,numEvaluateur,dateEvaluation,note,commentaire) VALUES(87,3,'2021-01-24',11,'placeholder');
INSERT INTO Evaluation(numDessin,numEvaluateur,dateEvaluation,note,commentaire) VALUES(87,4,'2021-01-28',1,'placeholder');
INSERT INTO Evaluation(numDessin,numEvaluateur,dateEvaluation,note,commentaire) VALUES(88,2,'2021-01-08',10,'placeholder');
INSERT INTO Evaluation(numDessin,numEvaluateur,dateEvaluation,note,commentaire) VALUES(88,3,'2021-01-07',7,'placeholder');
INSERT INTO Evaluation(numDessin,numEvaluateur,dateEvaluation,note,commentaire) VALUES(89,4,'2021-01-26',1,'placeholder');
INSERT INTO Evaluation(numDessin,numEvaluateur,dateEvaluation,note,commentaire) VALUES(89,2,'2021-01-16',8,'placeholder');
INSERT INTO Evaluation(numDessin,numEvaluateur,dateEvaluation,note,commentaire) VALUES(90,3,'2021-01-10',8,'placeholder');
INSERT INTO Evaluation(numDessin,numEvaluateur,dateEvaluation,note,commentaire) VALUES(90,4,'2021-01-08',15,'placeholder');
INSERT INTO Evaluation(numDessin,numEvaluateur,dateEvaluation,note,commentaire) VALUES(91,2,'2021-01-10',15,'placeholder');
INSERT INTO Evaluation(numDessin,numEvaluateur,dateEvaluation,note,commentaire) VALUES(91,3,'2021-01-12',19,'placeholder');
INSERT INTO Evaluation(numDessin,numEvaluateur,dateEvaluation,note,commentaire) VALUES(92,4,'2021-01-23',10,'placeholder');
INSERT INTO Evaluation(numDessin,numEvaluateur,dateEvaluation,note,commentaire) VALUES(92,2,'2021-01-10',1,'placeholder');
INSERT INTO Evaluation(numDessin,numEvaluateur,dateEvaluation,note,commentaire) VALUES(93,3,'2021-01-26',5,'placeholder');
INSERT INTO Evaluation(numDessin,numEvaluateur,dateEvaluation,note,commentaire) VALUES(93,4,'2021-01-19',5,'placeholder');
INSERT INTO Evaluation(numDessin,numEvaluateur,dateEvaluation,note,commentaire) VALUES(94,2,'2021-01-17',5,'placeholder');
INSERT INTO Evaluation(numDessin,numEvaluateur,dateEvaluation,note,commentaire) VALUES(94,3,'2021-01-17',8,'placeholder');
INSERT INTO Evaluation(numDessin,numEvaluateur,dateEvaluation,note,commentaire) VALUES(95,4,'2021-01-21',19,'placeholder');
INSERT INTO Evaluation(numDessin,numEvaluateur,dateEvaluation,note,commentaire) VALUES(95,2,'2021-01-04',19,'placeholder');
INSERT INTO Evaluation(numDessin,numEvaluateur,dateEvaluation,note,commentaire) VALUES(96,3,'2021-01-11',9,'placeholder');
INSERT INTO Evaluation(numDessin,numEvaluateur,dateEvaluation,note,commentaire) VALUES(96,4,'2021-01-13',16,'placeholder');
INSERT INTO Evaluation(numDessin,numEvaluateur,dateEvaluation,note,commentaire) VALUES(97,142,'2022-01-26',2,'placeholder');
INSERT INTO Evaluation(numDessin,numEvaluateur,dateEvaluation,note,commentaire) VALUES(97,143,'2022-01-13',3,'placeholder');
INSERT INTO Evaluation(numDessin,numEvaluateur,dateEvaluation,note,commentaire) VALUES(98,144,'2022-01-07',5,'placeholder');
INSERT INTO Evaluation(numDessin,numEvaluateur,dateEvaluation,note,commentaire) VALUES(98,142,'2022-01-24',6,'placeholder');
INSERT INTO Evaluation(numDessin,numEvaluateur,dateEvaluation,note,commentaire) VALUES(99,143,'2022-01-24',16,'placeholder');
INSERT INTO Evaluation(numDessin,numEvaluateur,dateEvaluation,note,commentaire) VALUES(99,144,'2022-01-28',5,'placeholder');
INSERT INTO Evaluation(numDessin,numEvaluateur,dateEvaluation,note,commentaire) VALUES(100,142,'2022-01-04',6,'placeholder');
INSERT INTO Evaluation(numDessin,numEvaluateur,dateEvaluation,note,commentaire) VALUES(100,143,'2022-01-04',10,'placeholder');
INSERT INTO Evaluation(numDessin,numEvaluateur,dateEvaluation,note,commentaire) VALUES(101,144,'2022-01-27',4,'placeholder');
INSERT INTO Evaluation(numDessin,numEvaluateur,dateEvaluation,note,commentaire) VALUES(101,142,'2022-01-16',10,'placeholder');
INSERT INTO Evaluation(numDessin,numEvaluateur,dateEvaluation,note,commentaire) VALUES(102,143,'2022-01-23',10,'placeholder');
INSERT INTO Evaluation(numDessin,numEvaluateur,dateEvaluation,note,commentaire) VALUES(102,144,'2022-01-19',7,'placeholder');
INSERT INTO Evaluation(numDessin,numEvaluateur,dateEvaluation,note,commentaire) VALUES(103,152,'2022-01-28',7,'placeholder');
INSERT INTO Evaluation(numDessin,numEvaluateur,dateEvaluation,note,commentaire) VALUES(103,153,'2022-01-20',3,'placeholder');
INSERT INTO Evaluation(numDessin,numEvaluateur,dateEvaluation,note,commentaire) VALUES(104,154,'2022-01-09',16,'placeholder');
INSERT INTO Evaluation(numDessin,numEvaluateur,dateEvaluation,note,commentaire) VALUES(104,152,'2022-01-06',17,'placeholder');
INSERT INTO Evaluation(numDessin,numEvaluateur,dateEvaluation,note,commentaire) VALUES(105,153,'2022-01-04',5,'placeholder');
INSERT INTO Evaluation(numDessin,numEvaluateur,dateEvaluation,note,commentaire) VALUES(105,154,'2022-01-02',10,'placeholder');
INSERT INTO Evaluation(numDessin,numEvaluateur,dateEvaluation,note,commentaire) VALUES(106,152,'2022-01-05',6,'placeholder');
INSERT INTO Evaluation(numDessin,numEvaluateur,dateEvaluation,note,commentaire) VALUES(106,153,'2022-01-07',5,'placeholder');
INSERT INTO Evaluation(numDessin,numEvaluateur,dateEvaluation,note,commentaire) VALUES(107,154,'2022-01-16',18,'placeholder');
INSERT INTO Evaluation(numDessin,numEvaluateur,dateEvaluation,note,commentaire) VALUES(107,152,'2022-01-16',5,'placeholder');
INSERT INTO Evaluation(numDessin,numEvaluateur,dateEvaluation,note,commentaire) VALUES(108,153,'2022-01-14',7,'placeholder');
INSERT INTO Evaluation(numDessin,numEvaluateur,dateEvaluation,note,commentaire) VALUES(108,154,'2022-01-18',2,'placeholder');
INSERT INTO Evaluation(numDessin,numEvaluateur,dateEvaluation,note,commentaire) VALUES(109,162,'2022-01-27',3,'placeholder');
INSERT INTO Evaluation(numDessin,numEvaluateur,dateEvaluation,note,commentaire) VALUES(109,163,'2022-01-15',9,'placeholder');
INSERT INTO Evaluation(numDessin,numEvaluateur,dateEvaluation,note,commentaire) VALUES(110,164,'2022-01-18',2,'placeholder');
INSERT INTO Evaluation(numDessin,numEvaluateur,dateEvaluation,note,commentaire) VALUES(110,162,'2022-01-04',2,'placeholder');
INSERT INTO Evaluation(numDessin,numEvaluateur,dateEvaluation,note,commentaire) VALUES(111,163,'2022-01-28',13,'placeholder');
INSERT INTO Evaluation(numDessin,numEvaluateur,dateEvaluation,note,commentaire) VALUES(111,164,'2022-01-22',1,'placeholder');
INSERT INTO Evaluation(numDessin,numEvaluateur,dateEvaluation,note,commentaire) VALUES(112,162,'2022-01-04',18,'placeholder');
INSERT INTO Evaluation(numDessin,numEvaluateur,dateEvaluation,note,commentaire) VALUES(112,163,'2022-01-16',13,'placeholder');
INSERT INTO Evaluation(numDessin,numEvaluateur,dateEvaluation,note,commentaire) VALUES(113,164,'2022-01-20',10,'placeholder');
INSERT INTO Evaluation(numDessin,numEvaluateur,dateEvaluation,note,commentaire) VALUES(113,162,'2022-01-02',0,'placeholder');
INSERT INTO Evaluation(numDessin,numEvaluateur,dateEvaluation,note,commentaire) VALUES(114,163,'2022-01-05',13,'placeholder');
INSERT INTO Evaluation(numDessin,numEvaluateur,dateEvaluation,note,commentaire) VALUES(114,164,'2022-01-20',20,'placeholder');
INSERT INTO Evaluation(numDessin,numEvaluateur,dateEvaluation,note,commentaire) VALUES(115,182,'2022-01-26',10,'placeholder');
INSERT INTO Evaluation(numDessin,numEvaluateur,dateEvaluation,note,commentaire) VALUES(115,183,'2022-01-06',4,'placeholder');
INSERT INTO Evaluation(numDessin,numEvaluateur,dateEvaluation,note,commentaire) VALUES(116,184,'2022-01-13',17,'placeholder');
INSERT INTO Evaluation(numDessin,numEvaluateur,dateEvaluation,note,commentaire) VALUES(116,182,'2022-01-12',17,'placeholder');
INSERT INTO Evaluation(numDessin,numEvaluateur,dateEvaluation,note,commentaire) VALUES(117,183,'2022-01-17',1,'placeholder');
INSERT INTO Evaluation(numDessin,numEvaluateur,dateEvaluation,note,commentaire) VALUES(117,184,'2022-01-18',18,'placeholder');
INSERT INTO Evaluation(numDessin,numEvaluateur,dateEvaluation,note,commentaire) VALUES(118,182,'2022-01-26',6,'placeholder');
INSERT INTO Evaluation(numDessin,numEvaluateur,dateEvaluation,note,commentaire) VALUES(118,183,'2022-01-15',9,'placeholder');
INSERT INTO Evaluation(numDessin,numEvaluateur,dateEvaluation,note,commentaire) VALUES(119,184,'2022-01-20',10,'placeholder');
INSERT INTO Evaluation(numDessin,numEvaluateur,dateEvaluation,note,commentaire) VALUES(119,182,'2022-01-23',17,'placeholder');
INSERT INTO Evaluation(numDessin,numEvaluateur,dateEvaluation,note,commentaire) VALUES(120,183,'2022-01-27',16,'placeholder');
INSERT INTO Evaluation(numDessin,numEvaluateur,dateEvaluation,note,commentaire) VALUES(120,184,'2022-01-13',13,'placeholder');
INSERT INTO Evaluation(numDessin,numEvaluateur,dateEvaluation,note,commentaire) VALUES(121,192,'2022-01-16',15,'placeholder');
INSERT INTO Evaluation(numDessin,numEvaluateur,dateEvaluation,note,commentaire) VALUES(121,193,'2022-01-19',6,'placeholder');
INSERT INTO Evaluation(numDessin,numEvaluateur,dateEvaluation,note,commentaire) VALUES(122,194,'2022-01-26',1,'placeholder');
INSERT INTO Evaluation(numDessin,numEvaluateur,dateEvaluation,note,commentaire) VALUES(122,192,'2022-01-10',3,'placeholder');
INSERT INTO Evaluation(numDessin,numEvaluateur,dateEvaluation,note,commentaire) VALUES(123,193,'2022-01-16',10,'placeholder');
INSERT INTO Evaluation(numDessin,numEvaluateur,dateEvaluation,note,commentaire) VALUES(123,194,'2022-01-05',10,'placeholder');
INSERT INTO Evaluation(numDessin,numEvaluateur,dateEvaluation,note,commentaire) VALUES(124,192,'2022-01-01',9,'placeholder');
INSERT INTO Evaluation(numDessin,numEvaluateur,dateEvaluation,note,commentaire) VALUES(124,193,'2022-01-21',1,'placeholder');
INSERT INTO Evaluation(numDessin,numEvaluateur,dateEvaluation,note,commentaire) VALUES(125,194,'2022-01-19',17,'placeholder');
INSERT INTO Evaluation(numDessin,numEvaluateur,dateEvaluation,note,commentaire) VALUES(125,192,'2022-01-27',18,'placeholder');
INSERT INTO Evaluation(numDessin,numEvaluateur,dateEvaluation,note,commentaire) VALUES(126,193,'2022-01-09',1,'placeholder');
INSERT INTO Evaluation(numDessin,numEvaluateur,dateEvaluation,note,commentaire) VALUES(126,194,'2022-01-04',17,'placeholder');
INSERT INTO Evaluation(numDessin,numEvaluateur,dateEvaluation,note,commentaire) VALUES(127,212,'2022-01-12',3,'placeholder');
INSERT INTO Evaluation(numDessin,numEvaluateur,dateEvaluation,note,commentaire) VALUES(127,213,'2022-01-27',18,'placeholder');
INSERT INTO Evaluation(numDessin,numEvaluateur,dateEvaluation,note,commentaire) VALUES(128,214,'2022-01-11',11,'placeholder');
INSERT INTO Evaluation(numDessin,numEvaluateur,dateEvaluation,note,commentaire) VALUES(128,212,'2022-01-23',3,'placeholder');
INSERT INTO Evaluation(numDessin,numEvaluateur,dateEvaluation,note,commentaire) VALUES(129,213,'2022-01-28',4,'placeholder');
INSERT INTO Evaluation(numDessin,numEvaluateur,dateEvaluation,note,commentaire) VALUES(129,214,'2022-01-20',9,'placeholder');
INSERT INTO Evaluation(numDessin,numEvaluateur,dateEvaluation,note,commentaire) VALUES(130,212,'2022-01-25',13,'placeholder');
INSERT INTO Evaluation(numDessin,numEvaluateur,dateEvaluation,note,commentaire) VALUES(130,213,'2022-01-17',16,'placeholder');
INSERT INTO Evaluation(numDessin,numEvaluateur,dateEvaluation,note,commentaire) VALUES(131,214,'2022-01-18',8,'placeholder');
INSERT INTO Evaluation(numDessin,numEvaluateur,dateEvaluation,note,commentaire) VALUES(131,212,'2022-01-22',4,'placeholder');
INSERT INTO Evaluation(numDessin,numEvaluateur,dateEvaluation,note,commentaire) VALUES(132,213,'2022-01-08',2,'placeholder');
INSERT INTO Evaluation(numDessin,numEvaluateur,dateEvaluation,note,commentaire) VALUES(132,214,'2022-01-01',17,'placeholder');
INSERT INTO Evaluation(numDessin,numEvaluateur,dateEvaluation,note,commentaire) VALUES(133,222,'2022-01-09',20,'placeholder');
INSERT INTO Evaluation(numDessin,numEvaluateur,dateEvaluation,note,commentaire) VALUES(133,223,'2022-01-15',16,'placeholder');
INSERT INTO Evaluation(numDessin,numEvaluateur,dateEvaluation,note,commentaire) VALUES(134,224,'2022-01-07',0,'placeholder');
INSERT INTO Evaluation(numDessin,numEvaluateur,dateEvaluation,note,commentaire) VALUES(134,222,'2022-01-27',3,'placeholder');
INSERT INTO Evaluation(numDessin,numEvaluateur,dateEvaluation,note,commentaire) VALUES(135,223,'2022-01-09',2,'placeholder');
INSERT INTO Evaluation(numDessin,numEvaluateur,dateEvaluation,note,commentaire) VALUES(135,224,'2022-01-04',5,'placeholder');
INSERT INTO Evaluation(numDessin,numEvaluateur,dateEvaluation,note,commentaire) VALUES(136,222,'2022-01-14',9,'placeholder');
INSERT INTO Evaluation(numDessin,numEvaluateur,dateEvaluation,note,commentaire) VALUES(136,223,'2022-01-23',8,'placeholder');
INSERT INTO Evaluation(numDessin,numEvaluateur,dateEvaluation,note,commentaire) VALUES(137,224,'2022-01-05',13,'placeholder');
INSERT INTO Evaluation(numDessin,numEvaluateur,dateEvaluation,note,commentaire) VALUES(137,222,'2022-01-10',14,'placeholder');
INSERT INTO Evaluation(numDessin,numEvaluateur,dateEvaluation,note,commentaire) VALUES(138,223,'2022-01-25',6,'placeholder');
INSERT INTO Evaluation(numDessin,numEvaluateur,dateEvaluation,note,commentaire) VALUES(138,224,'2022-01-02',6,'placeholder');
INSERT INTO Evaluation(numDessin,numEvaluateur,dateEvaluation,note,commentaire) VALUES(139,132,'2022-01-26',9,'placeholder');
INSERT INTO Evaluation(numDessin,numEvaluateur,dateEvaluation,note,commentaire) VALUES(139,133,'2022-01-11',15,'placeholder');
INSERT INTO Evaluation(numDessin,numEvaluateur,dateEvaluation,note,commentaire) VALUES(140,134,'2022-01-02',4,'placeholder');
INSERT INTO Evaluation(numDessin,numEvaluateur,dateEvaluation,note,commentaire) VALUES(140,132,'2022-01-01',11,'placeholder');
INSERT INTO Evaluation(numDessin,numEvaluateur,dateEvaluation,note,commentaire) VALUES(141,133,'2022-01-08',20,'placeholder');
INSERT INTO Evaluation(numDessin,numEvaluateur,dateEvaluation,note,commentaire) VALUES(141,134,'2022-01-08',17,'placeholder');
INSERT INTO Evaluation(numDessin,numEvaluateur,dateEvaluation,note,commentaire) VALUES(142,132,'2022-01-10',18,'placeholder');
INSERT INTO Evaluation(numDessin,numEvaluateur,dateEvaluation,note,commentaire) VALUES(142,133,'2022-01-28',0,'placeholder');
INSERT INTO Evaluation(numDessin,numEvaluateur,dateEvaluation,note,commentaire) VALUES(143,134,'2022-01-16',19,'placeholder');
INSERT INTO Evaluation(numDessin,numEvaluateur,dateEvaluation,note,commentaire) VALUES(143,132,'2022-01-24',6,'placeholder');
INSERT INTO Evaluation(numDessin,numEvaluateur,dateEvaluation,note,commentaire) VALUES(144,133,'2022-01-30',19,'placeholder');
INSERT INTO Evaluation(numDessin,numEvaluateur,dateEvaluation,note,commentaire) VALUES(144,134,'2022-01-15',16,'placeholder');

INSERT INTO MembreJury(numEvaluateur,numConcours) VALUES(2,1);
INSERT INTO MembreJury(numEvaluateur,numConcours) VALUES(3,1);
INSERT INTO MembreJury(numEvaluateur,numConcours) VALUES(4,1);
INSERT INTO MembreJury(numEvaluateur,numConcours) VALUES(12,1);
INSERT INTO MembreJury(numEvaluateur,numConcours) VALUES(13,1);
INSERT INTO MembreJury(numEvaluateur,numConcours) VALUES(14,1);
INSERT INTO MembreJury(numEvaluateur,numConcours) VALUES(32,1);
INSERT INTO MembreJury(numEvaluateur,numConcours) VALUES(33,1);
INSERT INTO MembreJury(numEvaluateur,numConcours) VALUES(34,1);
INSERT INTO MembreJury(numEvaluateur,numConcours) VALUES(42,1);
INSERT INTO MembreJury(numEvaluateur,numConcours) VALUES(43,1);
INSERT INTO MembreJury(numEvaluateur,numConcours) VALUES(44,1);
INSERT INTO MembreJury(numEvaluateur,numConcours) VALUES(92,1);
INSERT INTO MembreJury(numEvaluateur,numConcours) VALUES(93,1);
INSERT INTO MembreJury(numEvaluateur,numConcours) VALUES(94,1);
INSERT INTO MembreJury(numEvaluateur,numConcours) VALUES(102,1);
INSERT INTO MembreJury(numEvaluateur,numConcours) VALUES(103,1);
INSERT INTO MembreJury(numEvaluateur,numConcours) VALUES(104,1);
INSERT INTO MembreJury(numEvaluateur,numConcours) VALUES(122,1);
INSERT INTO MembreJury(numEvaluateur,numConcours) VALUES(123,1);
INSERT INTO MembreJury(numEvaluateur,numConcours) VALUES(124,1);
INSERT INTO MembreJury(numEvaluateur,numConcours) VALUES(132,1);
INSERT INTO MembreJury(numEvaluateur,numConcours) VALUES(133,1);
INSERT INTO MembreJury(numEvaluateur,numConcours) VALUES(134,1);
INSERT INTO MembreJury(numEvaluateur,numConcours) VALUES(132,2);
INSERT INTO MembreJury(numEvaluateur,numConcours) VALUES(133,2);
INSERT INTO MembreJury(numEvaluateur,numConcours) VALUES(134,2);
INSERT INTO MembreJury(numEvaluateur,numConcours) VALUES(142,2);
INSERT INTO MembreJury(numEvaluateur,numConcours) VALUES(143,2);
INSERT INTO MembreJury(numEvaluateur,numConcours) VALUES(144,2);
INSERT INTO MembreJury(numEvaluateur,numConcours) VALUES(152,2);
INSERT INTO MembreJury(numEvaluateur,numConcours) VALUES(153,2);
INSERT INTO MembreJury(numEvaluateur,numConcours) VALUES(154,2);
INSERT INTO MembreJury(numEvaluateur,numConcours) VALUES(162,2);
INSERT INTO MembreJury(numEvaluateur,numConcours) VALUES(163,2);
INSERT INTO MembreJury(numEvaluateur,numConcours) VALUES(164,2);
INSERT INTO MembreJury(numEvaluateur,numConcours) VALUES(182,2);
INSERT INTO MembreJury(numEvaluateur,numConcours) VALUES(183,2);
INSERT INTO MembreJury(numEvaluateur,numConcours) VALUES(184,2);
INSERT INTO MembreJury(numEvaluateur,numConcours) VALUES(192,2);
INSERT INTO MembreJury(numEvaluateur,numConcours) VALUES(193,2);
INSERT INTO MembreJury(numEvaluateur,numConcours) VALUES(194,2);
INSERT INTO MembreJury(numEvaluateur,numConcours) VALUES(212,2);
INSERT INTO MembreJury(numEvaluateur,numConcours) VALUES(213,2);
INSERT INTO MembreJury(numEvaluateur,numConcours) VALUES(214,2);
INSERT INTO MembreJury(numEvaluateur,numConcours) VALUES(222,2);
INSERT INTO MembreJury(numEvaluateur,numConcours) VALUES(223,2);
INSERT INTO MembreJury(numEvaluateur,numConcours) VALUES(224,2);
INSERT INTO MembreJury(numEvaluateur,numConcours) VALUES(222,3);
INSERT INTO MembreJury(numEvaluateur,numConcours) VALUES(223,3);
INSERT INTO MembreJury(numEvaluateur,numConcours) VALUES(224,3);
INSERT INTO MembreJury(numEvaluateur,numConcours) VALUES(232,3);
INSERT INTO MembreJury(numEvaluateur,numConcours) VALUES(233,3);
INSERT INTO MembreJury(numEvaluateur,numConcours) VALUES(234,3);
INSERT INTO MembreJury(numEvaluateur,numConcours) VALUES(252,3);
INSERT INTO MembreJury(numEvaluateur,numConcours) VALUES(253,3);
INSERT INTO MembreJury(numEvaluateur,numConcours) VALUES(254,3);
INSERT INTO MembreJury(numEvaluateur,numConcours) VALUES(262,3);
INSERT INTO MembreJury(numEvaluateur,numConcours) VALUES(263,3);
INSERT INTO MembreJury(numEvaluateur,numConcours) VALUES(264,3);
INSERT INTO MembreJury(numEvaluateur,numConcours) VALUES(42,3);
INSERT INTO MembreJury(numEvaluateur,numConcours) VALUES(43,3);
INSERT INTO MembreJury(numEvaluateur,numConcours) VALUES(44,3);
INSERT INTO MembreJury(numEvaluateur,numConcours) VALUES(52,3);
INSERT INTO MembreJury(numEvaluateur,numConcours) VALUES(53,3);
INSERT INTO MembreJury(numEvaluateur,numConcours) VALUES(54,3);
INSERT INTO MembreJury(numEvaluateur,numConcours) VALUES(72,3);
INSERT INTO MembreJury(numEvaluateur,numConcours) VALUES(73,3);
INSERT INTO MembreJury(numEvaluateur,numConcours) VALUES(74,3);
INSERT INTO MembreJury(numEvaluateur,numConcours) VALUES(82,3);
INSERT INTO MembreJury(numEvaluateur,numConcours) VALUES(83,3);
INSERT INTO MembreJury(numEvaluateur,numConcours) VALUES(84,3);
INSERT INTO MembreJury(numEvaluateur,numConcours) VALUES(12,4);
INSERT INTO MembreJury(numEvaluateur,numConcours) VALUES(13,4);
INSERT INTO MembreJury(numEvaluateur,numConcours) VALUES(14,4);
INSERT INTO MembreJury(numEvaluateur,numConcours) VALUES(22,4);
INSERT INTO MembreJury(numEvaluateur,numConcours) VALUES(23,4);
INSERT INTO MembreJury(numEvaluateur,numConcours) VALUES(24,4);
INSERT INTO MembreJury(numEvaluateur,numConcours) VALUES(62,4);
INSERT INTO MembreJury(numEvaluateur,numConcours) VALUES(63,4);
INSERT INTO MembreJury(numEvaluateur,numConcours) VALUES(64,4);
INSERT INTO MembreJury(numEvaluateur,numConcours) VALUES(72,4);
INSERT INTO MembreJury(numEvaluateur,numConcours) VALUES(73,4);
INSERT INTO MembreJury(numEvaluateur,numConcours) VALUES(74,4);
INSERT INTO MembreJury(numEvaluateur,numConcours) VALUES(92,4);
INSERT INTO MembreJury(numEvaluateur,numConcours) VALUES(93,4);
INSERT INTO MembreJury(numEvaluateur,numConcours) VALUES(94,4);
INSERT INTO MembreJury(numEvaluateur,numConcours) VALUES(112,4);
INSERT INTO MembreJury(numEvaluateur,numConcours) VALUES(113,4);
INSERT INTO MembreJury(numEvaluateur,numConcours) VALUES(114,4);
INSERT INTO MembreJury(numEvaluateur,numConcours) VALUES(162,4);
INSERT INTO MembreJury(numEvaluateur,numConcours) VALUES(163,4);
INSERT INTO MembreJury(numEvaluateur,numConcours) VALUES(164,4);
INSERT INTO MembreJury(numEvaluateur,numConcours) VALUES(172,4);
INSERT INTO MembreJury(numEvaluateur,numConcours) VALUES(173,4);
INSERT INTO MembreJury(numEvaluateur,numConcours) VALUES(174,4);