INSERT INTO Club(numClub,nomClub,adresse,numTelephone,nombreAdherent,ville,departement,region) VALUES(1,Dessines-moi,42 Cours Marechal-Joffre,0599156850,56,Quimper,Finistère,Bretagne);
INSERT INTO Club(numClub,nomClub,adresse,numTelephone,nombreAdherent,ville,departement,region) VALUES(2,Creation en tout genre,58 Rue de Verdun,0630867315,60,Brest,Finistère,Bretagne);
INSERT INTO Club(numClub,nomClub,adresse,numTelephone,nombreAdherent,ville,departement,region) VALUES(3,Pick and mix,32 Chemin Du Lavarin Sud,0313726853,38,Morlais,Finistère,Bretagne);
INSERT INTO Club(numClub,nomClub,adresse,numTelephone,nombreAdherent,ville,departement,region) VALUES(4,Jeuness création,82 Rue Frédéric Chopin,0314598665,13,Vannes,Morbihan,Bretagne);
INSERT INTO Club(numClub,nomClub,adresse,numTelephone,nombreAdherent,ville,departement,region) VALUES(5,Génération artistique,1 Avenue des Tuileries,0769421546,58,Pontivy,Morbihan,Bretagne);
INSERT INTO Club(numClub,nomClub,adresse,numTelephone,nombreAdherent,ville,departement,region) VALUES(6,L art de tout,89 avenue Ferdinand de Lesseps,0391952187,45,Auray,Morbihan,Bretagne);
INSERT INTO Club(numClub,nomClub,adresse,numTelephone,nombreAdherent,ville,departement,region) VALUES(7,Tout est un art,32 rue Grande Fusterie,0164083692,21,Dinan,Côtes-d Armor,Bretagne);
INSERT INTO Club(numClub,nomClub,adresse,numTelephone,nombreAdherent,ville,departement,region) VALUES(8,Exprimez-vous,52 rue de la République,0775245586,53,Guingamp,Côtes-d Armor,Bretagne);
INSERT INTO Club(numClub,nomClub,adresse,numTelephone,nombreAdherent,ville,departement,region) VALUES(9,L artiste,2 cours Jean Jaures,0679793430,33,Saint-Brieuc,Côtes-d Armor,Bretagne);
INSERT INTO Club(numClub,nomClub,adresse,numTelephone,nombreAdherent,ville,departement,region) VALUES(10,Chapeau l artiste,7 Rue Roussy,0408931548,23,Nantes,Loire Atlantique,Pays de la Loire);
INSERT INTO Club(numClub,nomClub,adresse,numTelephone,nombreAdherent,ville,departement,region) VALUES(11,Arts et images,49 Faubourg Saint Honoré,0173614882,22,Saint-Nazaire,Loire Atlantique,Pays de la Loire);
INSERT INTO Club(numClub,nomClub,adresse,numTelephone,nombreAdherent,ville,departement,region) VALUES(12,Arts et culture,20 rue Pierre Motte,0714347423,15,Crossac,Loire Atlantique,Pays de la Loire);
INSERT INTO Club(numClub,nomClub,adresse,numTelephone,nombreAdherent,ville,departement,region) VALUES(13,Peintre à part,47 Rue de la Pompe,0148390470,49,Angers,Maine et Loire,Pays de la Loire);
INSERT INTO Club(numClub,nomClub,adresse,numTelephone,nombreAdherent,ville,departement,region) VALUES(14,Arts& Crafts Gallery,29 rue Lenotre,0589348662,12,Avrillé,Maine et Loire,Pays de la Loire);
INSERT INTO Club(numClub,nomClub,adresse,numTelephone,nombreAdherent,ville,departement,region) VALUES(15,Dream Works,92 Place de la Madeleine,0741495851,52,Chalones sur Loire,Maine et Loire,Pays de la Loire);
INSERT INTO Club(numClub,nomClub,adresse,numTelephone,nombreAdherent,ville,departement,region) VALUES(16,Arts Baroques,86 avenue de l Amandier,0151512367,16,Le Mans,Sarthe,Pays de la Loire);
INSERT INTO Club(numClub,nomClub,adresse,numTelephone,nombreAdherent,ville,departement,region) VALUES(17,Captivant Toiles,62 rue Petite Fusterie,0431432965,39,Sablé sur Sarthe,Sarthe,Pays de la Loire);
INSERT INTO Club(numClub,nomClub,adresse,numTelephone,nombreAdherent,ville,departement,region) VALUES(18,Galerie des artistes,3 Rue St Ferréol,0247751207,60,La Flèche,Sarthe,Pays de la Loire);
INSERT INTO Club(numClub,nomClub,adresse,numTelephone,nombreAdherent,ville,departement,region) VALUES(19,l Académie de l Art,99 rue de Lille,0180858893,59,Avranche,Manche,Normandie);
INSERT INTO Club(numClub,nomClub,adresse,numTelephone,nombreAdherent,ville,departement,region) VALUES(20,De L Art,35 avenue Jules Ferry,0643648067,29,Granville,Manche,Normandie);
INSERT INTO Club(numClub,nomClub,adresse,numTelephone,nombreAdherent,ville,departement,region) VALUES(21,Chaud de l Art,95 rue Charles Corbeau,0738543636,33,Saint-Lô,Manche,Normandie);
INSERT INTO Club(numClub,nomClub,adresse,numTelephone,nombreAdherent,ville,departement,region) VALUES(22,Marée Haute Galerie,36 Rue du Palais,0686496199,45,Caen,Calvados,Normandie);
INSERT INTO Club(numClub,nomClub,adresse,numTelephone,nombreAdherent,ville,departement,region) VALUES(23,L attaque de L Art,67 Chemin Du Lavarin Sud,0619925107,27,Bayeux,Calvados,Normandie);
INSERT INTO Club(numClub,nomClub,adresse,numTelephone,nombreAdherent,ville,departement,region) VALUES(24,L Art des artistes,27 boulevard Bryas,0307982448,42,Falaise,Calvados,Normandie);
INSERT INTO Club(numClub,nomClub,adresse,numTelephone,nombreAdherent,ville,departement,region) VALUES(25,L Art de L Expression,18 Rue du Limas,0239177862,52,Alençon,Orne,Normandie);
INSERT INTO Club(numClub,nomClub,adresse,numTelephone,nombreAdherent,ville,departement,region) VALUES(26,La Cabane D Art,98 rue Descartes,0438942877,39,Argentan,Orne,Normandie);
INSERT INTO Club(numClub,nomClub,adresse,numTelephone,nombreAdherent,ville,departement,region) VALUES(27,le centre de dessin,7 rue Adolphe Wurtz,0367513509,39,La Ferté-Macé,Orne,Normandie);
INSERT INTO Club(numClub,nomClub,adresse,numTelephone,nombreAdherent,ville,departement,region) VALUES(28,Club Admin,8 rue de la Gare,0240568756,2,Angers,Maine et Loire,Pays de la Loire);

INSERT INTO Utilisateur(numUtilisateur,nom,prenom,age,adresse,motDePasse,numClub) VALUES(1,Gage,Cleveland,51,507-2086 Sit Road,EAC73RUH8CX,1);
INSERT INTO Utilisateur(numUtilisateur,nom,prenom,age,adresse,motDePasse,numClub) VALUES(2,Octavia,Leblanc,29,Ap #302-9731 Sem, Road,FXT55PDW3HG,1);
INSERT INTO Utilisateur(numUtilisateur,nom,prenom,age,adresse,motDePasse,numClub) VALUES(3,Meghan,Sparks,64,Ap #694-2510 Nisi. Rd.,NOL71FVQ8TN,1);
INSERT INTO Utilisateur(numUtilisateur,nom,prenom,age,adresse,motDePasse,numClub) VALUES(4,Callie,Petty,14,3570 Risus Av.,VCE22JTK2EI,1);
INSERT INTO Utilisateur(numUtilisateur,nom,prenom,age,adresse,motDePasse,numClub) VALUES(5,Celeste,Bauer,37,Ap #166-9214 Suscipit Rd.,DXJ22PSY5TD,1);
INSERT INTO Utilisateur(numUtilisateur,nom,prenom,age,adresse,motDePasse,numClub) VALUES(6,Martena,Frazier,26,P.O. Box 140, 2415 Tincidunt Ave,LKN25WEG4HQ,1);
INSERT INTO Utilisateur(numUtilisateur,nom,prenom,age,adresse,motDePasse,numClub) VALUES(7,Camilla,Maynard,24,Ap #676-4587 Vestibulum Avenue,GJJ47CAK6YF,1);
INSERT INTO Utilisateur(numUtilisateur,nom,prenom,age,adresse,motDePasse,numClub) VALUES(8,Oprah,Newman,69,4283 Quis Street,KTM57ZUD2RE,1);
INSERT INTO Utilisateur(numUtilisateur,nom,prenom,age,adresse,motDePasse,numClub) VALUES(9,Marshall,Le,29,P.O. Box 331, 9186 Amet Ave,CSP34YIE8BT,1);
INSERT INTO Utilisateur(numUtilisateur,nom,prenom,age,adresse,motDePasse,numClub) VALUES(10,Eliana,Curtis,26,310-3931 Fermentum St.,HLT33DBI5SN,1);
INSERT INTO Utilisateur(numUtilisateur,nom,prenom,age,adresse,motDePasse,numClub) VALUES(11,Elmo,Gordon,48,1474 Aliquam Ave,WGN38AFV2AX,2);
INSERT INTO Utilisateur(numUtilisateur,nom,prenom,age,adresse,motDePasse,numClub) VALUES(12,Dustin,Stark,82,Ap #872-1622 Suspendisse Av.,PVX74JEN7SF,2);
INSERT INTO Utilisateur(numUtilisateur,nom,prenom,age,adresse,motDePasse,numClub) VALUES(13,Ella,Merritt,85,7405 Aenean Avenue,PZW42MYV5PM,2);
INSERT INTO Utilisateur(numUtilisateur,nom,prenom,age,adresse,motDePasse,numClub) VALUES(14,Carson,Paul,48,Ap #479-6896 Risus. Street,YTV42YVU5IB,2);
INSERT INTO Utilisateur(numUtilisateur,nom,prenom,age,adresse,motDePasse,numClub) VALUES(15,Eve,Ochoa,47,278-1734 Malesuada Ave,UUU52EJT6TV,2);
INSERT INTO Utilisateur(numUtilisateur,nom,prenom,age,adresse,motDePasse,numClub) VALUES(16,Grady,Lynn,84,Ap #968-5228 Congue Street,XXX76CTG5UE,2);
INSERT INTO Utilisateur(numUtilisateur,nom,prenom,age,adresse,motDePasse,numClub) VALUES(17,Fallon,Stark,24,Ap #106-510 Enim. Rd.,QPV91EJV2OE,2);
INSERT INTO Utilisateur(numUtilisateur,nom,prenom,age,adresse,motDePasse,numClub) VALUES(18,Rahim,Mcneil,76,3338 Ipsum Street,EQV68VVV0MV,2);
INSERT INTO Utilisateur(numUtilisateur,nom,prenom,age,adresse,motDePasse,numClub) VALUES(19,Shaeleigh,Terry,30,644-8156 Mollis. Rd.,WBJ59YIO6PD,2);
INSERT INTO Utilisateur(numUtilisateur,nom,prenom,age,adresse,motDePasse,numClub) VALUES(20,Eve,Cannon,62,278-1734 Malesuada Ave,GTM32NLS8VJ,2);
INSERT INTO Utilisateur(numUtilisateur,nom,prenom,age,adresse,motDePasse,numClub) VALUES(21,Ebony,Dejesus,49,Ap #157-8468 Mauris, Rd.,YLB15ABX1KM,3);
INSERT INTO Utilisateur(numUtilisateur,nom,prenom,age,adresse,motDePasse,numClub) VALUES(22,Katelyn,Tate,61,Ap #399-5431 Eget, St.,IGS55FPA7GF,3);
INSERT INTO Utilisateur(numUtilisateur,nom,prenom,age,adresse,motDePasse,numClub) VALUES(23,Latifah,Bernard,36,475-7242 Aliquet. St.,SGZ27IKG1XE,3);
INSERT INTO Utilisateur(numUtilisateur,nom,prenom,age,adresse,motDePasse,numClub) VALUES(24,Cadman,Cook,65,430-7712 Vitae St.,XQR66LZB0FW,3);
INSERT INTO Utilisateur(numUtilisateur,nom,prenom,age,adresse,motDePasse,numClub) VALUES(25,Sebastian,Herrera,83,767-2142 Sem Rd.,AOJ17JEL7OR,3);
INSERT INTO Utilisateur(numUtilisateur,nom,prenom,age,adresse,motDePasse,numClub) VALUES(26,Imelda,Maldonado,17,P.O. Box 798, 6100 Commodo Rd.,ROH65ESO7BU,3);
INSERT INTO Utilisateur(numUtilisateur,nom,prenom,age,adresse,motDePasse,numClub) VALUES(27,Graham,Sherman,90,101-1458 Ante Rd.,PWB39SZD3IA,3);
INSERT INTO Utilisateur(numUtilisateur,nom,prenom,age,adresse,motDePasse,numClub) VALUES(28,Rana,Molina,19,Ap #327-9138 Viverra. Rd.,SOR62BBV2FY,3);
INSERT INTO Utilisateur(numUtilisateur,nom,prenom,age,adresse,motDePasse,numClub) VALUES(29,Cassidy,Frank,33,292-9805 Egestas Avenue,GTM32NLS8VJ,3);
INSERT INTO Utilisateur(numUtilisateur,nom,prenom,age,adresse,motDePasse,numClub) VALUES(30,Lawrence,Webster,76,Ap #882-6791 Rhoncus. St.,ETZ73RTI4LW,3);
INSERT INTO Utilisateur(numUtilisateur,nom,prenom,age,adresse,motDePasse,numClub) VALUES(31,Ryan,Cannon,22,120-5944 Consequat, Rd.,OAM85ZWA2BA,4);
INSERT INTO Utilisateur(numUtilisateur,nom,prenom,age,adresse,motDePasse,numClub) VALUES(32,Amaya,Dejesus,63,P.O. Box 293, 2571 Sit Road,UHP66IAX2WW,4);
INSERT INTO Utilisateur(numUtilisateur,nom,prenom,age,adresse,motDePasse,numClub) VALUES(33,Marsden,Hammond,45,P.O. Box 632, 8194 Eu Av.,RCP55ZKA4AO,4);
INSERT INTO Utilisateur(numUtilisateur,nom,prenom,age,adresse,motDePasse,numClub) VALUES(34,Kylie,Eaton,89,5944 Ligula. St.,PLK71VNN4ME,4);
INSERT INTO Utilisateur(numUtilisateur,nom,prenom,age,adresse,motDePasse,numClub) VALUES(35,Yoko,Black,55,P.O. Box 986, 3689 Quisque Av.,FOF19ONT0LN,4);
INSERT INTO Utilisateur(numUtilisateur,nom,prenom,age,adresse,motDePasse,numClub) VALUES(36,Raja,Maldonado,66,4619 Sem Street,ZDC37QOE9TP,4);
INSERT INTO Utilisateur(numUtilisateur,nom,prenom,age,adresse,motDePasse,numClub) VALUES(37,Colton,Barber,33,Ap #572-4537 Cursus St.,FGR19ISF8RQ,4);
INSERT INTO Utilisateur(numUtilisateur,nom,prenom,age,adresse,motDePasse,numClub) VALUES(38,Neil,Preston,47,Ap #350-6178 Donec Street,WMO68ESX2XS,4);
INSERT INTO Utilisateur(numUtilisateur,nom,prenom,age,adresse,motDePasse,numClub) VALUES(39,Bethany,Miller,56,P.O. Box 690, 8128 Dis Rd.,KYN34CKW6RY,4);
INSERT INTO Utilisateur(numUtilisateur,nom,prenom,age,adresse,motDePasse,numClub) VALUES(40,Mechelle,Underwood,56,456 Feugiat Street,RVP17PIW1JO,4);
INSERT INTO Utilisateur(numUtilisateur,nom,prenom,age,adresse,motDePasse,numClub) VALUES(41,Asher,Crane,27,2033 Feugiat. Avenue,XBX96WNC2BP,5);
INSERT INTO Utilisateur(numUtilisateur,nom,prenom,age,adresse,motDePasse,numClub) VALUES(42,Dustin,Short,80,459-1901 Cum St.,HKU74IIX2WR,5);
INSERT INTO Utilisateur(numUtilisateur,nom,prenom,age,adresse,motDePasse,numClub) VALUES(43,Wallace,Cherry,74,Ap #693-3624 Arcu. Av.,FUQ18VYR5GT,5);
INSERT INTO Utilisateur(numUtilisateur,nom,prenom,age,adresse,motDePasse,numClub) VALUES(44,Bevis,Buck,19,520-1713 Facilisi. St.,VJY07MIH8AI,5);
INSERT INTO Utilisateur(numUtilisateur,nom,prenom,age,adresse,motDePasse,numClub) VALUES(45,Addison,Harding,81,668-1014 Gravida Avenue,HHD00IAD8HK,5);
INSERT INTO Utilisateur(numUtilisateur,nom,prenom,age,adresse,motDePasse,numClub) VALUES(46,Whitney,Frederick,30,Ap #558-8427 Eget St.,RUP96YGN7KV,5);
INSERT INTO Utilisateur(numUtilisateur,nom,prenom,age,adresse,motDePasse,numClub) VALUES(47,Preston,William,88,Ap #194-2121 Sapien. Avenue,QID75XGY7BO,5);
INSERT INTO Utilisateur(numUtilisateur,nom,prenom,age,adresse,motDePasse,numClub) VALUES(48,Nathan,Hubbard,37,9068 Lorem Road,PLT61GWD4LF,5);
INSERT INTO Utilisateur(numUtilisateur,nom,prenom,age,adresse,motDePasse,numClub) VALUES(49,Joseph,Murphy,41,Ap #692-4445 Elementum Rd.,NDR82CEG2QB,5);
INSERT INTO Utilisateur(numUtilisateur,nom,prenom,age,adresse,motDePasse,numClub) VALUES(50,Candice,Reynolds,18,921-6324 Metus Road,LML81TGN5ZE,5);
INSERT INTO Utilisateur(numUtilisateur,nom,prenom,age,adresse,motDePasse,numClub) VALUES(51,Griffin,Hendricks,30,Ap #305-5944 Pellentesque. St.,TGL92RBT2BU,6);
INSERT INTO Utilisateur(numUtilisateur,nom,prenom,age,adresse,motDePasse,numClub) VALUES(52,Cruz,Benton,77,Ap #375-5343 Eu Rd.,XKO91KOL3VY,6);
INSERT INTO Utilisateur(numUtilisateur,nom,prenom,age,adresse,motDePasse,numClub) VALUES(53,Daniel,Cooley,18,P.O. Box 663, 6505 Volutpat. Ave,MHK45EPP6ZI,6);
INSERT INTO Utilisateur(numUtilisateur,nom,prenom,age,adresse,motDePasse,numClub) VALUES(54,Debra,Miranda,76,5506 Commodo St.,KUQ22SHT4GP,6);
INSERT INTO Utilisateur(numUtilisateur,nom,prenom,age,adresse,motDePasse,numClub) VALUES(55,Jesse,Patrick,78,645 Nibh. Rd.,UGR81CJE9UU,6);
INSERT INTO Utilisateur(numUtilisateur,nom,prenom,age,adresse,motDePasse,numClub) VALUES(56,Regina,Weaver,33,850-4075 Eu, Street,RMS24DYE7MO,6);
INSERT INTO Utilisateur(numUtilisateur,nom,prenom,age,adresse,motDePasse,numClub) VALUES(57,Lana,Emerson,25,789-7925 Etiam Ave,KKU52XDC3JI,6);
INSERT INTO Utilisateur(numUtilisateur,nom,prenom,age,adresse,motDePasse,numClub) VALUES(58,Brett,Morales,29,Ap #925-7868 Mollis Road,SSU47GLQ6HE,6);
INSERT INTO Utilisateur(numUtilisateur,nom,prenom,age,adresse,motDePasse,numClub) VALUES(59,Arthur,Faulkner,38,Ap #878-8742 Sapien Rd.,UJW78NAE1HB,6);
INSERT INTO Utilisateur(numUtilisateur,nom,prenom,age,adresse,motDePasse,numClub) VALUES(60,Tyrone,Chapman,32,953-2116 Rhoncus. Rd.,COY24TJT7ZS,6);
INSERT INTO Utilisateur(numUtilisateur,nom,prenom,age,adresse,motDePasse,numClub) VALUES(61,Tarik,Good,72,5120 Integer Ave,YYU42RKC1DM,7);
INSERT INTO Utilisateur(numUtilisateur,nom,prenom,age,adresse,motDePasse,numClub) VALUES(62,Glenna,Vincent,84,5380 Et, St.,EVK43AOS9TH,7);
INSERT INTO Utilisateur(numUtilisateur,nom,prenom,age,adresse,motDePasse,numClub) VALUES(63,Ava,Mejia,59,886-701 Eget Rd.,SMC53XDI2QY,7);
INSERT INTO Utilisateur(numUtilisateur,nom,prenom,age,adresse,motDePasse,numClub) VALUES(64,Kibo,Jennings,57,312-218 Malesuada St.,SBQ85HDQ4CT,7);
INSERT INTO Utilisateur(numUtilisateur,nom,prenom,age,adresse,motDePasse,numClub) VALUES(65,Whoopi,Sheppard,36,Ap #576-8076 Turpis Street,OHU54WUP3WL,7);
INSERT INTO Utilisateur(numUtilisateur,nom,prenom,age,adresse,motDePasse,numClub) VALUES(66,Jermaine,Dawson,64,Ap #613-956 Morbi Rd.,WBN46MHJ1UV,7);
INSERT INTO Utilisateur(numUtilisateur,nom,prenom,age,adresse,motDePasse,numClub) VALUES(67,Ezra,Douglas,88,8363 Adipiscing Rd.,MDD28YAY8ZM,7);
INSERT INTO Utilisateur(numUtilisateur,nom,prenom,age,adresse,motDePasse,numClub) VALUES(68,Ulysses,Beasley,77,Ap #346-6411 Interdum. Rd.,MCV88ANQ4CT,7);
INSERT INTO Utilisateur(numUtilisateur,nom,prenom,age,adresse,motDePasse,numClub) VALUES(69,Maggy,Henry,57,Ap #286-4372 Ligula Street,QCX37EOW7IE,7);
INSERT INTO Utilisateur(numUtilisateur,nom,prenom,age,adresse,motDePasse,numClub) VALUES(70,Tarik,Branch,33,P.O. Box 102, 2856 Gravida Avenue,TDX83YTT3PE,7);
INSERT INTO Utilisateur(numUtilisateur,nom,prenom,age,adresse,motDePasse,numClub) VALUES(71,Natalie,Decker,51,973-2533 Mollis Rd.,TJV61LQF5HO,8);
INSERT INTO Utilisateur(numUtilisateur,nom,prenom,age,adresse,motDePasse,numClub) VALUES(72,Julie,Long,58,P.O. Box 912, 3297 Vivamus Ave,WYE44QNC6NU,8);
INSERT INTO Utilisateur(numUtilisateur,nom,prenom,age,adresse,motDePasse,numClub) VALUES(73,Cullen,Lynch,49,509-5871 Eu, St.,JXT62VUC2LY,8);
INSERT INTO Utilisateur(numUtilisateur,nom,prenom,age,adresse,motDePasse,numClub) VALUES(74,Jemima,George,82,Ap #546-5854 Aliquet Street,WVI85FNV2FK,8);
INSERT INTO Utilisateur(numUtilisateur,nom,prenom,age,adresse,motDePasse,numClub) VALUES(75,Eaton,Mendoza,55,884-3939 Non, Rd.,GZW47WHT6ED,8);
INSERT INTO Utilisateur(numUtilisateur,nom,prenom,age,adresse,motDePasse,numClub) VALUES(76,Oren,Blanchard,37,522-6502 Lacinia Rd.,VJU44GYR7FF,8);
INSERT INTO Utilisateur(numUtilisateur,nom,prenom,age,adresse,motDePasse,numClub) VALUES(77,Dorothy,Middleton,39,844-465 Aliquam St.,OHS03VPR6HA,8);
INSERT INTO Utilisateur(numUtilisateur,nom,prenom,age,adresse,motDePasse,numClub) VALUES(78,Thaddeus,O connor,24,114-2781 Interdum St.,JGY50OTW5FN,8);
INSERT INTO Utilisateur(numUtilisateur,nom,prenom,age,adresse,motDePasse,numClub) VALUES(79,Brenden,Tyler,70,736-6074 Eu, Road,YDM67BKH8RN,8);
INSERT INTO Utilisateur(numUtilisateur,nom,prenom,age,adresse,motDePasse,numClub) VALUES(80,Meghan,Rich,53,Ap #816-8171 Blandit Road,KHO56CFS8RF,8);
INSERT INTO Utilisateur(numUtilisateur,nom,prenom,age,adresse,motDePasse,numClub) VALUES(81,Elaine,Cardenas,63,6159 Risus. Rd.,VCF37QLW8CC,9);
INSERT INTO Utilisateur(numUtilisateur,nom,prenom,age,adresse,motDePasse,numClub) VALUES(82,Shafira,Lane,79,666-7672 Commodo Av.,XEP88UNI7SC,9);
INSERT INTO Utilisateur(numUtilisateur,nom,prenom,age,adresse,motDePasse,numClub) VALUES(83,Micah,Myers,46,9831 Porttitor Rd.,EJT74JYU6GG,9);
INSERT INTO Utilisateur(numUtilisateur,nom,prenom,age,adresse,motDePasse,numClub) VALUES(84,Damon,Kirkland,50,Ap #325-6046 Orci, Street,RXS09YCD4NY,9);
INSERT INTO Utilisateur(numUtilisateur,nom,prenom,age,adresse,motDePasse,numClub) VALUES(85,Joel,Patterson,81,Ap #407-1596 Ut Ave,VYX11CLU1HV,9);
INSERT INTO Utilisateur(numUtilisateur,nom,prenom,age,adresse,motDePasse,numClub) VALUES(86,Ulla,Sargent,34,P.O. Box 273, 5833 Porta Rd.,GVA17QNX3HP,9);
INSERT INTO Utilisateur(numUtilisateur,nom,prenom,age,adresse,motDePasse,numClub) VALUES(87,Dane,Colon,57,869-9337 Diam. Road,LBL25KSW0DY,9);
INSERT INTO Utilisateur(numUtilisateur,nom,prenom,age,adresse,motDePasse,numClub) VALUES(88,Shea,Mccullough,85,Ap #446-4784 Arcu Street,JDR35GRQ2MO,9);
INSERT INTO Utilisateur(numUtilisateur,nom,prenom,age,adresse,motDePasse,numClub) VALUES(89,Valentine,Parsons,67,8246 Eu, St.,VNG44MFQ3KI,9);
INSERT INTO Utilisateur(numUtilisateur,nom,prenom,age,adresse,motDePasse,numClub) VALUES(90,Venus,Pena,56,9335 Odio. Street,YEL52PBP5CQ,9);
INSERT INTO Utilisateur(numUtilisateur,nom,prenom,age,adresse,motDePasse,numClub) VALUES(91,Rebecca,Vaughan,15,Ap #420-5887 Cras Rd.,UHR05XTZ6SO,10);
INSERT INTO Utilisateur(numUtilisateur,nom,prenom,age,adresse,motDePasse,numClub) VALUES(92,Ulric,Rodgers,15,636-7551 Mauris. St.,IYV46EYD1GI,10);
INSERT INTO Utilisateur(numUtilisateur,nom,prenom,age,adresse,motDePasse,numClub) VALUES(93,Kay,Warner,55,441-3296 Sem. Ave,LJN23VRP6DX,10);
INSERT INTO Utilisateur(numUtilisateur,nom,prenom,age,adresse,motDePasse,numClub) VALUES(94,Harding,Craig,88,P.O. Box 790, 2299 Tellus, Rd.,YFS04IIU7FB,10);
INSERT INTO Utilisateur(numUtilisateur,nom,prenom,age,adresse,motDePasse,numClub) VALUES(95,Dorothy,Phelps,29,Ap #426-266 Dolor. St.,LBU22DDB7KX,10);
INSERT INTO Utilisateur(numUtilisateur,nom,prenom,age,adresse,motDePasse,numClub) VALUES(96,Lisandra,Fox,58,Ap #144-9089 Vel St.,IKH21RVP5JJ,10);
INSERT INTO Utilisateur(numUtilisateur,nom,prenom,age,adresse,motDePasse,numClub) VALUES(97,Thomas,Harrell,17,263-8410 Nunc Road,NQQ93NXO6MX,10);
INSERT INTO Utilisateur(numUtilisateur,nom,prenom,age,adresse,motDePasse,numClub) VALUES(98,Kevin,Mcconnell,27,8117 Nam St.,MLC22BFG5TJ,10);
INSERT INTO Utilisateur(numUtilisateur,nom,prenom,age,adresse,motDePasse,numClub) VALUES(99,Indigo,Miranda,35,7780 Ipsum. Rd.,EBQ54IHN5CS,10);
INSERT INTO Utilisateur(numUtilisateur,nom,prenom,age,adresse,motDePasse,numClub) VALUES(100,Zenaida,Sutton,29,139-1448 Fringilla, Street,JQL63BNL3IV,10);
INSERT INTO Utilisateur(numUtilisateur,nom,prenom,age,adresse,motDePasse,numClub) VALUES(101,Hadley,Keller,47,Ap #971-274 Auctor, Av.,ZJT10KNK4YV,11);
INSERT INTO Utilisateur(numUtilisateur,nom,prenom,age,adresse,motDePasse,numClub) VALUES(102,Aspen,Bean,73,621-6021 Parturient St.,RNR48LQI0HV,11);
INSERT INTO Utilisateur(numUtilisateur,nom,prenom,age,adresse,motDePasse,numClub) VALUES(103,Ulysses,Mckee,61,Ap #428-658 Lorem Avenue,QXI79KGG8RE,11);
INSERT INTO Utilisateur(numUtilisateur,nom,prenom,age,adresse,motDePasse,numClub) VALUES(104,Kirby,Ashley,38,Ap #676-3214 Lobortis Ave,SNV86LVL9VD,11);
INSERT INTO Utilisateur(numUtilisateur,nom,prenom,age,adresse,motDePasse,numClub) VALUES(105,Tucker,Hubbard,80,Ap #195-5994 Dui Av.,ZJV64PKJ9IZ,11);
INSERT INTO Utilisateur(numUtilisateur,nom,prenom,age,adresse,motDePasse,numClub) VALUES(106,Austin,Michael,22,Ap #355-8959 Scelerisque St.,NCN76KZP6IV,11);
INSERT INTO Utilisateur(numUtilisateur,nom,prenom,age,adresse,motDePasse,numClub) VALUES(107,Nerea,Ortiz,88,P.O. Box 408, 391 Lacus Ave,HHB84ULC4QK,11);
INSERT INTO Utilisateur(numUtilisateur,nom,prenom,age,adresse,motDePasse,numClub) VALUES(108,Cora,England,44,Ap #937-7740 Phasellus Avenue,SQT33OPW8KQ,11);
INSERT INTO Utilisateur(numUtilisateur,nom,prenom,age,adresse,motDePasse,numClub) VALUES(109,Tallulah,Patrick,82,3484 Consectetuer Rd.,UOP60LFF6SL,11);
INSERT INTO Utilisateur(numUtilisateur,nom,prenom,age,adresse,motDePasse,numClub) VALUES(110,Maile,Franks,20,Ap #166-5525 Eget Av.,NHJ34YIB0MH,11);
INSERT INTO Utilisateur(numUtilisateur,nom,prenom,age,adresse,motDePasse,numClub) VALUES(111,Zenia,Bean,25,P.O. Box 832, 407 Mauris Av.,FTZ51PIE4HS,12);
INSERT INTO Utilisateur(numUtilisateur,nom,prenom,age,adresse,motDePasse,numClub) VALUES(112,Keelie,Sloan,45,171-686 Cursus Street,HXN54IUO1CI,12);
INSERT INTO Utilisateur(numUtilisateur,nom,prenom,age,adresse,motDePasse,numClub) VALUES(113,Valentine,Shaw,65,389-139 Risus. Rd.,DGT71MUR5GM,12);
INSERT INTO Utilisateur(numUtilisateur,nom,prenom,age,adresse,motDePasse,numClub) VALUES(114,Kim,Spears,78,P.O. Box 823, 3498 Enim Avenue,UMK08UTF3MO,12);
INSERT INTO Utilisateur(numUtilisateur,nom,prenom,age,adresse,motDePasse,numClub) VALUES(115,Addison,Erickson,28,668-8041 Dignissim Ave,QYP47UIL3NB,12);
INSERT INTO Utilisateur(numUtilisateur,nom,prenom,age,adresse,motDePasse,numClub) VALUES(116,Barclay,Marshall,29,P.O. Box 988, 1381 Scelerisque St.,QUX27IMS2MN,12);
INSERT INTO Utilisateur(numUtilisateur,nom,prenom,age,adresse,motDePasse,numClub) VALUES(117,Isaac,Parks,29,6928 Magna. St.,CLL35HHY5IN,12);
INSERT INTO Utilisateur(numUtilisateur,nom,prenom,age,adresse,motDePasse,numClub) VALUES(118,Addison,Lyons,89,490-1376 Nec, Avenue,RUW78KGV1GM,12);
INSERT INTO Utilisateur(numUtilisateur,nom,prenom,age,adresse,motDePasse,numClub) VALUES(119,Isadora,Booth,70,Ap #852-6514 Ut, Rd.,FTL38VES7BN,12);
INSERT INTO Utilisateur(numUtilisateur,nom,prenom,age,adresse,motDePasse,numClub) VALUES(120,Levi,Gross,18,Ap #854-4211 Senectus St.,VLO72LJV7NW,12);
INSERT INTO Utilisateur(numUtilisateur,nom,prenom,age,adresse,motDePasse,numClub) VALUES(121,Sonia,Sampson,76,8793 Lorem Rd.,XLL21FPB6FX,13);
INSERT INTO Utilisateur(numUtilisateur,nom,prenom,age,adresse,motDePasse,numClub) VALUES(122,Joelle,Hopkins,80,997-5795 Dignissim Av.,LPY11RJB5UX,13);
INSERT INTO Utilisateur(numUtilisateur,nom,prenom,age,adresse,motDePasse,numClub) VALUES(123,Yoshio,Love,22,P.O. Box 741, 3628 Sed Ave,EOG80DWV5AU,13);
INSERT INTO Utilisateur(numUtilisateur,nom,prenom,age,adresse,motDePasse,numClub) VALUES(124,Camden,Combs,83,146-9093 Elit Avenue,XJG64DKU9UD,13);
INSERT INTO Utilisateur(numUtilisateur,nom,prenom,age,adresse,motDePasse,numClub) VALUES(125,Byron,Lucas,25,Ap #434-7325 Massa. Rd.,BQM84SHV3IC,13);
INSERT INTO Utilisateur(numUtilisateur,nom,prenom,age,adresse,motDePasse,numClub) VALUES(126,Akeem,Clements,40,300-6638 Est, Street,DML44MHP8OB,13);
INSERT INTO Utilisateur(numUtilisateur,nom,prenom,age,adresse,motDePasse,numClub) VALUES(127,Raymond,Terry,89,981-2364 Morbi Rd.,UTH82CSF6RD,13);
INSERT INTO Utilisateur(numUtilisateur,nom,prenom,age,adresse,motDePasse,numClub) VALUES(128,Bruno,Young,82,1732 Sapien, Rd.,XQY32EPL5UR,13);
INSERT INTO Utilisateur(numUtilisateur,nom,prenom,age,adresse,motDePasse,numClub) VALUES(129,Reed,Romero,81,P.O. Box 697, 7378 In St.,KOS17NNG7BC,13);
INSERT INTO Utilisateur(numUtilisateur,nom,prenom,age,adresse,motDePasse,numClub) VALUES(130,Dustin,Marquez,77,365-9698 Arcu. Av.,DMS13UHT2DW,13);
INSERT INTO Utilisateur(numUtilisateur,nom,prenom,age,adresse,motDePasse,numClub) VALUES(131,Cain,Mills,49,P.O. Box 734, 7611 Ac Rd.,OPH60GXS7YZ,14);
INSERT INTO Utilisateur(numUtilisateur,nom,prenom,age,adresse,motDePasse,numClub) VALUES(132,Remedios,Carr,56,Ap #883-5580 Enim Av.,EBK77MPO4WG,14);
INSERT INTO Utilisateur(numUtilisateur,nom,prenom,age,adresse,motDePasse,numClub) VALUES(133,Alexa,Middleton,73,Ap #371-4935 Non, Street,YOL81LMH6GE,14);
INSERT INTO Utilisateur(numUtilisateur,nom,prenom,age,adresse,motDePasse,numClub) VALUES(134,Cameron,Martinez,26,Ap #314-2068 Nunc. Av.,VDF47WHN4VF,14);
INSERT INTO Utilisateur(numUtilisateur,nom,prenom,age,adresse,motDePasse,numClub) VALUES(135,Cadman,Briggs,15,Ap #441-4956 Orci St.,RDW43BMK6SD,14);
INSERT INTO Utilisateur(numUtilisateur,nom,prenom,age,adresse,motDePasse,numClub) VALUES(136,Vincent,Santiago,45,Ap #254-2723 Eros. Road,HWL85BUJ8HL,14);
INSERT INTO Utilisateur(numUtilisateur,nom,prenom,age,adresse,motDePasse,numClub) VALUES(137,Urielle,Taylor,66,Ap #864-8150 Sit Rd.,ZOJ46BHS4GO,14);
INSERT INTO Utilisateur(numUtilisateur,nom,prenom,age,adresse,motDePasse,numClub) VALUES(138,Scarlet,Sweet,60,894-5743 Malesuada Street,VDT34WLY3GA,14);
INSERT INTO Utilisateur(numUtilisateur,nom,prenom,age,adresse,motDePasse,numClub) VALUES(139,Raya,Leonard,80,Ap #982-1910 Cras Rd.,LFL19FSQ4CE,14);
INSERT INTO Utilisateur(numUtilisateur,nom,prenom,age,adresse,motDePasse,numClub) VALUES(140,Wilma,Mclaughlin,51,P.O. Box 207, 1871 Interdum Street,VRC41TJE2QS,14);
INSERT INTO Utilisateur(numUtilisateur,nom,prenom,age,adresse,motDePasse,numClub) VALUES(141,Myles,Walton,85,Ap #964-3000 Tempus, Ave,RFM32DVB7WF,15);
INSERT INTO Utilisateur(numUtilisateur,nom,prenom,age,adresse,motDePasse,numClub) VALUES(142,Cara,Lawrence,25,P.O. Box 867, 132 Ut Av.,UMD17LLZ8UH,15);
INSERT INTO Utilisateur(numUtilisateur,nom,prenom,age,adresse,motDePasse,numClub) VALUES(143,Noah,Joyner,20,Ap #173-396 Egestas. Ave,FKS21FMP4NK,15);
INSERT INTO Utilisateur(numUtilisateur,nom,prenom,age,adresse,motDePasse,numClub) VALUES(144,Renee,Greene,66,7342 Montes, Road,FVA04RIY5WX,15);
INSERT INTO Utilisateur(numUtilisateur,nom,prenom,age,adresse,motDePasse,numClub) VALUES(145,Michael,Bowers,67,645 Fusce Rd.,AGC53BRC9MM,15);
INSERT INTO Utilisateur(numUtilisateur,nom,prenom,age,adresse,motDePasse,numClub) VALUES(146,Lareina,Todd,52,Ap #294-2842 Sit St.,PMN46CBI9CS,15);
INSERT INTO Utilisateur(numUtilisateur,nom,prenom,age,adresse,motDePasse,numClub) VALUES(147,Quamar,Carney,59,Ap #792-8395 Mi, Rd.,EGA42KYE7EK,15);
INSERT INTO Utilisateur(numUtilisateur,nom,prenom,age,adresse,motDePasse,numClub) VALUES(148,Zelenia,Christensen,57,823-2288 Tincidunt Rd.,HLM52GSK4ZW,15);
INSERT INTO Utilisateur(numUtilisateur,nom,prenom,age,adresse,motDePasse,numClub) VALUES(149,Eaton,Elliott,62,423-8783 Lacinia Av.,OMQ80EQI2DB,15);
INSERT INTO Utilisateur(numUtilisateur,nom,prenom,age,adresse,motDePasse,numClub) VALUES(150,Macy,Duncan,35,955-1380 In Street,SGQ69NSJ8JJ,15);
INSERT INTO Utilisateur(numUtilisateur,nom,prenom,age,adresse,motDePasse,numClub) VALUES(151,Hamish,Richards,45,P.O. Box 569, 4417 Sagittis Street,UWL61FCF2CX,16);
INSERT INTO Utilisateur(numUtilisateur,nom,prenom,age,adresse,motDePasse,numClub) VALUES(152,Seth,Armstrong,23,1378 Ante. Road,TRA58IMS6HO,16);
INSERT INTO Utilisateur(numUtilisateur,nom,prenom,age,adresse,motDePasse,numClub) VALUES(153,Pascale,Rollins,27,287-2663 Magna. Road,RDB68ZXW2JQ,16);
INSERT INTO Utilisateur(numUtilisateur,nom,prenom,age,adresse,motDePasse,numClub) VALUES(154,Liberty,Clayton,64,5291 Odio, Avenue,CMH35FTV7ED,16);
INSERT INTO Utilisateur(numUtilisateur,nom,prenom,age,adresse,motDePasse,numClub) VALUES(155,Carla,Ramos,50,Ap #525-3705 Sit St.,PTH31BJP3HI,16);
INSERT INTO Utilisateur(numUtilisateur,nom,prenom,age,adresse,motDePasse,numClub) VALUES(156,Giacomo,Ramos,81,5179 Libero Avenue,CBJ57OUB7YX,16);
INSERT INTO Utilisateur(numUtilisateur,nom,prenom,age,adresse,motDePasse,numClub) VALUES(157,Xyla,Mcdonald,58,149-5346 Sem Street,MSC50IQK8RW,16);
INSERT INTO Utilisateur(numUtilisateur,nom,prenom,age,adresse,motDePasse,numClub) VALUES(158,Kristen,Dennis,46,Ap #734-8143 Ultricies St.,DTJ68KXT3NF,16);
INSERT INTO Utilisateur(numUtilisateur,nom,prenom,age,adresse,motDePasse,numClub) VALUES(159,Amanda,Ramirez,69,501-8835 In Rd.,ZCJ72VIV6MT,16);
INSERT INTO Utilisateur(numUtilisateur,nom,prenom,age,adresse,motDePasse,numClub) VALUES(160,Yuli,Hinton,30,8237 Felis Ave,WSJ97DKL7OW,16);
INSERT INTO Utilisateur(numUtilisateur,nom,prenom,age,adresse,motDePasse,numClub) VALUES(161,Elvis,Hull,26,P.O. Box 679, 8198 Convallis Rd.,HEQ52VSC5ML,17);
INSERT INTO Utilisateur(numUtilisateur,nom,prenom,age,adresse,motDePasse,numClub) VALUES(162,Tanner,Fuentes,75,Ap #706-5085 Non Rd.,ZOP73YWB8MM,17);
INSERT INTO Utilisateur(numUtilisateur,nom,prenom,age,adresse,motDePasse,numClub) VALUES(163,Desirae,Cantrell,72,992-6895 Imperdiet St.,KXW83NKS7HP,17);
INSERT INTO Utilisateur(numUtilisateur,nom,prenom,age,adresse,motDePasse,numClub) VALUES(164,Fulton,Witt,56,8350 Ullamcorper St.,EKM28NCF8FK,17);
INSERT INTO Utilisateur(numUtilisateur,nom,prenom,age,adresse,motDePasse,numClub) VALUES(165,May,Cooley,70,316-7682 Vitae Ave,SXF06GCT4DB,17);
INSERT INTO Utilisateur(numUtilisateur,nom,prenom,age,adresse,motDePasse,numClub) VALUES(166,Desiree,Mccarty,43,490-7926 Dui. Road,BJE45RVC3YO,17);
INSERT INTO Utilisateur(numUtilisateur,nom,prenom,age,adresse,motDePasse,numClub) VALUES(167,Orla,Whitehead,82,455-9236 Felis St.,WCA58ILD5NL,17);
INSERT INTO Utilisateur(numUtilisateur,nom,prenom,age,adresse,motDePasse,numClub) VALUES(168,Levi,Walton,87,982-5094 Sit Ave,TFH78ZUF6CW,17);
INSERT INTO Utilisateur(numUtilisateur,nom,prenom,age,adresse,motDePasse,numClub) VALUES(169,Cameran,Arnold,50,Ap #107-3386 A, Street,OYV95KXO3HV,17);
INSERT INTO Utilisateur(numUtilisateur,nom,prenom,age,adresse,motDePasse,numClub) VALUES(170,Zachery,Bradshaw,76,2777 Eu Rd.,ZPQ41SNV6EF,17);
INSERT INTO Utilisateur(numUtilisateur,nom,prenom,age,adresse,motDePasse,numClub) VALUES(171,Ignatius,Allen,33,853-1140 Risus. Street,HET55IRP7BC,18);
INSERT INTO Utilisateur(numUtilisateur,nom,prenom,age,adresse,motDePasse,numClub) VALUES(172,Jacob,Wilkerson,22,P.O. Box 756, 3840 Ullamcorper St.,YYD23WXM0SV,18);
INSERT INTO Utilisateur(numUtilisateur,nom,prenom,age,adresse,motDePasse,numClub) VALUES(173,Brynne,Valdez,33,Ap #481-7888 Magna. St.,NPO12CYE3LY,18);
INSERT INTO Utilisateur(numUtilisateur,nom,prenom,age,adresse,motDePasse,numClub) VALUES(174,Guinevere,Moss,31,Ap #861-7341 Risus. Rd.,JNN74XSV7AP,18);
INSERT INTO Utilisateur(numUtilisateur,nom,prenom,age,adresse,motDePasse,numClub) VALUES(175,Ariana,Baker,53,3971 Hendrerit. Avenue,KNW16UBA1NC,18);
INSERT INTO Utilisateur(numUtilisateur,nom,prenom,age,adresse,motDePasse,numClub) VALUES(176,Anastasia,Rodgers,50,P.O. Box 580, 1991 Sollicitudin Rd.,UCP24ETR7NB,18);
INSERT INTO Utilisateur(numUtilisateur,nom,prenom,age,adresse,motDePasse,numClub) VALUES(177,Charlotte,Baird,76,P.O. Box 217, 7869 Eros Avenue,KPH58WPU3UW,18);
INSERT INTO Utilisateur(numUtilisateur,nom,prenom,age,adresse,motDePasse,numClub) VALUES(178,Brynne,Spence,15,Ap #881-7279 Lectus Rd.,SLW12ODD2AN,18);
INSERT INTO Utilisateur(numUtilisateur,nom,prenom,age,adresse,motDePasse,numClub) VALUES(179,Stone,Maynard,55,Ap #348-7379 Pede. Road,VOA83RRT4HS,18);
INSERT INTO Utilisateur(numUtilisateur,nom,prenom,age,adresse,motDePasse,numClub) VALUES(180,Brynne,Frank,45,424-1721 Mollis St.,KTU22KQP5HG,18);
INSERT INTO Utilisateur(numUtilisateur,nom,prenom,age,adresse,motDePasse,numClub) VALUES(181,Scarlet,Mcclain,39,249-6353 Sit Rd.,JJY33FHX6IO,19);
INSERT INTO Utilisateur(numUtilisateur,nom,prenom,age,adresse,motDePasse,numClub) VALUES(182,Yetta,Ross,89,558-7477 Mi Rd.,WBQ60FWI3HS,19);
INSERT INTO Utilisateur(numUtilisateur,nom,prenom,age,adresse,motDePasse,numClub) VALUES(183,Oren,Kramer,40,Ap #664-9077 Dui, Street,GMU10PHY7IX,19);
INSERT INTO Utilisateur(numUtilisateur,nom,prenom,age,adresse,motDePasse,numClub) VALUES(184,Ira,Dodson,60,P.O. Box 889, 1513 Rhoncus. Road,YJF21TFE2DF,19);
INSERT INTO Utilisateur(numUtilisateur,nom,prenom,age,adresse,motDePasse,numClub) VALUES(185,Hop,Benjamin,64,2015 Penatibus St.,GXV13KRA4WT,19);
INSERT INTO Utilisateur(numUtilisateur,nom,prenom,age,adresse,motDePasse,numClub) VALUES(186,Laith,Graves,69,2735 Ut Rd.,EAP62UNH7VO,19);
INSERT INTO Utilisateur(numUtilisateur,nom,prenom,age,adresse,motDePasse,numClub) VALUES(187,Melinda,Short,60,P.O. Box 513, 9909 Lectus Av.,JGH85JEW3RT,19);
INSERT INTO Utilisateur(numUtilisateur,nom,prenom,age,adresse,motDePasse,numClub) VALUES(188,Rylee,Gardner,43,P.O. Box 473, 2271 Justo Av.,TKM33UOG4OG,19);
INSERT INTO Utilisateur(numUtilisateur,nom,prenom,age,adresse,motDePasse,numClub) VALUES(189,Leandra,Yates,20,5143 Mauris St.,QRG92DJQ7TZ,19);
INSERT INTO Utilisateur(numUtilisateur,nom,prenom,age,adresse,motDePasse,numClub) VALUES(190,Harlan,Cleveland,64,Ap #866-8392 Ultrices St.,FXS88DDP7VG,19);
INSERT INTO Utilisateur(numUtilisateur,nom,prenom,age,adresse,motDePasse,numClub) VALUES(191,Eaton,Russell,85,Ap #523-7396 Rhoncus. Street,SDW87KPO6WC,20);
INSERT INTO Utilisateur(numUtilisateur,nom,prenom,age,adresse,motDePasse,numClub) VALUES(192,Sage,Lamb,28,Ap #589-5238 Aliquet St.,TCP72TDG0XD,20);
INSERT INTO Utilisateur(numUtilisateur,nom,prenom,age,adresse,motDePasse,numClub) VALUES(193,Melanie,Spears,34,Ap #968-6124 Libero Avenue,SUG78MVP0BN,20);
INSERT INTO Utilisateur(numUtilisateur,nom,prenom,age,adresse,motDePasse,numClub) VALUES(194,Hu,Fuller,70,208-3009 Auctor Rd.,WZV93TKW9XL,20);
INSERT INTO Utilisateur(numUtilisateur,nom,prenom,age,adresse,motDePasse,numClub) VALUES(195,Isaac,Best,85,700-3449 Ut Av.,CEM81PNV2SX,20);
INSERT INTO Utilisateur(numUtilisateur,nom,prenom,age,adresse,motDePasse,numClub) VALUES(196,Abbot,Horne,67,P.O. Box 420, 5449 Mattis. Avenue,AYJ31ITT7EX,20);
INSERT INTO Utilisateur(numUtilisateur,nom,prenom,age,adresse,motDePasse,numClub) VALUES(197,Akeem,Cleveland,45,P.O. Box 678, 8836 Et, Ave,BMJ92FNQ8HE,20);
INSERT INTO Utilisateur(numUtilisateur,nom,prenom,age,adresse,motDePasse,numClub) VALUES(198,Calvin,Dillard,36,3504 Lacinia Avenue,YQP65FYO8HD,20);
INSERT INTO Utilisateur(numUtilisateur,nom,prenom,age,adresse,motDePasse,numClub) VALUES(199,Kelsie,Short,30,Ap #233-4127 Nostra, Rd.,WCZ35GVY6OE,20);
INSERT INTO Utilisateur(numUtilisateur,nom,prenom,age,adresse,motDePasse,numClub) VALUES(200,Dorian,Madden,84,P.O. Box 799, 6999 Ultrices Rd.,FNP33PCJ5IO,20);
INSERT INTO Utilisateur(numUtilisateur,nom,prenom,age,adresse,motDePasse,numClub) VALUES(201,Hayes,Shepherd,16,Ap #523-6235 Diam Ave,VOF46LLO7HF,21);
INSERT INTO Utilisateur(numUtilisateur,nom,prenom,age,adresse,motDePasse,numClub) VALUES(202,Alfonso,Acevedo,36,890 Pellentesque Road,VGP85JBM4AK,21);
INSERT INTO Utilisateur(numUtilisateur,nom,prenom,age,adresse,motDePasse,numClub) VALUES(203,Kylee,Burns,30,Ap #506-1432 Leo. Rd.,IPI07XHF1FJ,21);
INSERT INTO Utilisateur(numUtilisateur,nom,prenom,age,adresse,motDePasse,numClub) VALUES(204,Austin,Greene,66,3505 Phasellus St.,WCP16FAV2XK,21);
INSERT INTO Utilisateur(numUtilisateur,nom,prenom,age,adresse,motDePasse,numClub) VALUES(205,Rylee,Thornton,62,595-1949 Maecenas Ave,SQC12YTI2NK,21);
INSERT INTO Utilisateur(numUtilisateur,nom,prenom,age,adresse,motDePasse,numClub) VALUES(206,Ronan,Beck,58,890-1001 Libero St.,REU82EQH8YG,21);
INSERT INTO Utilisateur(numUtilisateur,nom,prenom,age,adresse,motDePasse,numClub) VALUES(207,Jelani,Mosley,37,417-5424 Ac, Road,YBI42WMB8AK,21);
INSERT INTO Utilisateur(numUtilisateur,nom,prenom,age,adresse,motDePasse,numClub) VALUES(208,Steven,Rodriguez,64,P.O. Box 829, 1730 Eleifend Av.,SVX54LUH5TX,21);
INSERT INTO Utilisateur(numUtilisateur,nom,prenom,age,adresse,motDePasse,numClub) VALUES(209,Kennedy,Blanchard,25,389-8359 Mi Road,RWY87LPG4PM,21);
INSERT INTO Utilisateur(numUtilisateur,nom,prenom,age,adresse,motDePasse,numClub) VALUES(210,Amery,Lowery,43,654-3123 Mollis Road,JBE18LUG5YQ,21);
INSERT INTO Utilisateur(numUtilisateur,nom,prenom,age,adresse,motDePasse,numClub) VALUES(211,Odysseus,Middleton,66,P.O. Box 413, 5980 Libero Street,RWP44GKZ1FE,22);
INSERT INTO Utilisateur(numUtilisateur,nom,prenom,age,adresse,motDePasse,numClub) VALUES(212,Rylee,Foley,46,1654 In Avenue,FJL67OVJ8QT,22);
INSERT INTO Utilisateur(numUtilisateur,nom,prenom,age,adresse,motDePasse,numClub) VALUES(213,Carter,Byrd,54,1387 Id St.,GHD64UJH1TH,22);
INSERT INTO Utilisateur(numUtilisateur,nom,prenom,age,adresse,motDePasse,numClub) VALUES(214,Merritt,Wilder,46,Ap #285-2533 Dictum St.,JRN16SJD2BX,22);
INSERT INTO Utilisateur(numUtilisateur,nom,prenom,age,adresse,motDePasse,numClub) VALUES(215,Cairo,Young,64,512-2933 Risus. Av.,YSP85MOX4IG,22);
INSERT INTO Utilisateur(numUtilisateur,nom,prenom,age,adresse,motDePasse,numClub) VALUES(216,Roth,Church,23,P.O. Box 124, 6847 Mattis St.,DMR80YLO7MD,22);
INSERT INTO Utilisateur(numUtilisateur,nom,prenom,age,adresse,motDePasse,numClub) VALUES(217,Gregory,Little,70,Ap #886-6798 Urna. Street,RIV83RKL6DM,22);
INSERT INTO Utilisateur(numUtilisateur,nom,prenom,age,adresse,motDePasse,numClub) VALUES(218,Holmes,Serrano,17,9166 Sit Ave,GBZ64YDH6VM,22);
INSERT INTO Utilisateur(numUtilisateur,nom,prenom,age,adresse,motDePasse,numClub) VALUES(219,Dustin,Mclaughlin,75,Ap #444-5028 Arcu. Ave,WRW55SNK7CM,22);
INSERT INTO Utilisateur(numUtilisateur,nom,prenom,age,adresse,motDePasse,numClub) VALUES(220,Quynn,Mcdaniel,77,476-7688 Orci Road,VNX20XRN7QC,22);
INSERT INTO Utilisateur(numUtilisateur,nom,prenom,age,adresse,motDePasse,numClub) VALUES(221,Geraldine,Wise,72,5646 Aliquam Road,AFG73QSB6UB,23);
INSERT INTO Utilisateur(numUtilisateur,nom,prenom,age,adresse,motDePasse,numClub) VALUES(222,Barrett,Spence,90,250-9674 Lacus. Rd.,UVF05ZPP6PX,23);
INSERT INTO Utilisateur(numUtilisateur,nom,prenom,age,adresse,motDePasse,numClub) VALUES(223,Hyacinth,David,65,695-8405 Metus St.,SMO38JDL4YW,23);
INSERT INTO Utilisateur(numUtilisateur,nom,prenom,age,adresse,motDePasse,numClub) VALUES(224,Pascale,Todd,73,Ap #941-656 Eget Av.,YLK61NSK4KC,23);
INSERT INTO Utilisateur(numUtilisateur,nom,prenom,age,adresse,motDePasse,numClub) VALUES(225,Haviva,Johnson,39,393-510 Ligula Street,TNR22BHX1LY,23);
INSERT INTO Utilisateur(numUtilisateur,nom,prenom,age,adresse,motDePasse,numClub) VALUES(226,Eaton,Norton,67,Ap #646-3677 Feugiat. Rd.,UBW99BGM4JR,23);
INSERT INTO Utilisateur(numUtilisateur,nom,prenom,age,adresse,motDePasse,numClub) VALUES(227,Zephr,Hansen,77,191-7086 Nulla St.,CSH15XCY3FI,23);
INSERT INTO Utilisateur(numUtilisateur,nom,prenom,age,adresse,motDePasse,numClub) VALUES(228,Rhiannon,Haynes,89,Ap #711-406 Pellentesque St.,OYG53QGQ5EJ,23);
INSERT INTO Utilisateur(numUtilisateur,nom,prenom,age,adresse,motDePasse,numClub) VALUES(229,Samson,Webb,20,468-7167 Eros Avenue,YGP68GUW3QF,23);
INSERT INTO Utilisateur(numUtilisateur,nom,prenom,age,adresse,motDePasse,numClub) VALUES(230,Kai,Todd,53,Ap #897-9679 Porttitor Rd.,OVF73EFI4UW,23);
INSERT INTO Utilisateur(numUtilisateur,nom,prenom,age,adresse,motDePasse,numClub) VALUES(231,Ferdinand,Thornton,70,360-4453 Auctor St.,ZIQ27OCC5EB,24);
INSERT INTO Utilisateur(numUtilisateur,nom,prenom,age,adresse,motDePasse,numClub) VALUES(232,Charity,Hubbard,73,Ap #658-7276 Turpis. Road,FOW66NEO8PX,24);
INSERT INTO Utilisateur(numUtilisateur,nom,prenom,age,adresse,motDePasse,numClub) VALUES(233,Virginia,Richardson,67,303-4104 Nunc Av.,WIA58SYH2NL,24);
INSERT INTO Utilisateur(numUtilisateur,nom,prenom,age,adresse,motDePasse,numClub) VALUES(234,Camille,Fletcher,51,Ap #737-6263 Eu Avenue,SPE28TEV6CC,24);
INSERT INTO Utilisateur(numUtilisateur,nom,prenom,age,adresse,motDePasse,numClub) VALUES(235,Linus,Finch,35,Ap #121-5085 Posuere Rd.,OPC17VGG7GN,24);
INSERT INTO Utilisateur(numUtilisateur,nom,prenom,age,adresse,motDePasse,numClub) VALUES(236,Jael,Martinez,44,6988 Consectetuer, Ave,RIR20WSS7FD,24);
INSERT INTO Utilisateur(numUtilisateur,nom,prenom,age,adresse,motDePasse,numClub) VALUES(237,Buffy,Brooks,66,134-2190 Lacinia St.,HEN10LEF9II,24);
INSERT INTO Utilisateur(numUtilisateur,nom,prenom,age,adresse,motDePasse,numClub) VALUES(238,Russell,Osborn,39,426-396 Vivamus Av.,VCY01EEE7NE,24);
INSERT INTO Utilisateur(numUtilisateur,nom,prenom,age,adresse,motDePasse,numClub) VALUES(239,Lewis,Brennan,42,Ap #181-7558 Egestas Road,YLR57CCU7GI,24);
INSERT INTO Utilisateur(numUtilisateur,nom,prenom,age,adresse,motDePasse,numClub) VALUES(240,Imani,Suarez,47,Ap #393-6429 Nulla St.,RSW72OQF4JM,24);
INSERT INTO Utilisateur(numUtilisateur,nom,prenom,age,adresse,motDePasse,numClub) VALUES(241,Brock,Tran,86,8380 Magna. Street,IOD57SWW6ET,25);
INSERT INTO Utilisateur(numUtilisateur,nom,prenom,age,adresse,motDePasse,numClub) VALUES(242,Dacey,Fowler,38,4296 Morbi Av.,NIV74FQB1TR,25);
INSERT INTO Utilisateur(numUtilisateur,nom,prenom,age,adresse,motDePasse,numClub) VALUES(243,Zorita,Armstrong,34,937-4138 Sollicitudin Avenue,BEL53DON2SU,25);
INSERT INTO Utilisateur(numUtilisateur,nom,prenom,age,adresse,motDePasse,numClub) VALUES(244,Shad,Lopez,42,Ap #996-9083 Amet St.,KBC10YWD4QQ,25);
INSERT INTO Utilisateur(numUtilisateur,nom,prenom,age,adresse,motDePasse,numClub) VALUES(245,Armand,Mann,27,546-371 Arcu. St.,PDE44PFD7DC,25);
INSERT INTO Utilisateur(numUtilisateur,nom,prenom,age,adresse,motDePasse,numClub) VALUES(246,Elton,Clark,76,P.O. Box 812, 8665 Non Rd.,VVI91LLS2RI,25);
INSERT INTO Utilisateur(numUtilisateur,nom,prenom,age,adresse,motDePasse,numClub) VALUES(247,Desirae,Hoover,77,9061 Nulla Street,YDG17MGL0DR,25);
INSERT INTO Utilisateur(numUtilisateur,nom,prenom,age,adresse,motDePasse,numClub) VALUES(248,Dustin,Brooks,48,P.O. Box 764, 3492 Tempor Av.,MJH34WJG6TN,25);
INSERT INTO Utilisateur(numUtilisateur,nom,prenom,age,adresse,motDePasse,numClub) VALUES(249,Daquan,England,64,Ap #525-2226 Tellus. Rd.,OVD39MJS1MC,25);
INSERT INTO Utilisateur(numUtilisateur,nom,prenom,age,adresse,motDePasse,numClub) VALUES(250,Nolan,Holder,88,Ap #371-7358 Nulla. Ave,BDH09IBM1FD,25);
INSERT INTO Utilisateur(numUtilisateur,nom,prenom,age,adresse,motDePasse,numClub) VALUES(251,Linus,Hendrix,32,Ap #735-6833 Felis. Rd.,CQS29RGJ7VT,26);
INSERT INTO Utilisateur(numUtilisateur,nom,prenom,age,adresse,motDePasse,numClub) VALUES(252,Dara,Tanner,81,Ap #472-6573 Suspendisse Road,ZQG63WOR3CI,26);
INSERT INTO Utilisateur(numUtilisateur,nom,prenom,age,adresse,motDePasse,numClub) VALUES(253,Zane,Morgan,57,Ap #478-6666 Ornare, Ave,RRH87JNG9PM,26);
INSERT INTO Utilisateur(numUtilisateur,nom,prenom,age,adresse,motDePasse,numClub) VALUES(254,Lane,Coffey,14,Ap #179-6786 Velit. Av.,QIQ15CSP3XR,26);
INSERT INTO Utilisateur(numUtilisateur,nom,prenom,age,adresse,motDePasse,numClub) VALUES(255,Zephr,Sosa,23,252-4992 Nulla. Rd.,LXQ34AYD9PP,26);
INSERT INTO Utilisateur(numUtilisateur,nom,prenom,age,adresse,motDePasse,numClub) VALUES(256,Kennan,Davenport,35,474-8669 Sapien. Av.,CRX39HYB4IB,26);
INSERT INTO Utilisateur(numUtilisateur,nom,prenom,age,adresse,motDePasse,numClub) VALUES(257,Victor,Simmons,27,758-9572 Quis, Street,FHM95YYM7SY,26);
INSERT INTO Utilisateur(numUtilisateur,nom,prenom,age,adresse,motDePasse,numClub) VALUES(258,Guy,Herman,67,Ap #219-7270 Eget Av.,OPG37TQU5UJ,26);
INSERT INTO Utilisateur(numUtilisateur,nom,prenom,age,adresse,motDePasse,numClub) VALUES(259,Byron,Long,23,Ap #930-1030 Venenatis Avenue,CRK48WKN7AI,26);
INSERT INTO Utilisateur(numUtilisateur,nom,prenom,age,adresse,motDePasse,numClub) VALUES(260,Callum,Holder,24,P.O. Box 555, 1482 Orci Road,LYD76AUM5SD,26);
INSERT INTO Utilisateur(numUtilisateur,nom,prenom,age,adresse,motDePasse,numClub) VALUES(261,Lillith,Moore,38,906-9466 Mollis. Street,ZBM74WLU5ST,27);
INSERT INTO Utilisateur(numUtilisateur,nom,prenom,age,adresse,motDePasse,numClub) VALUES(262,Elvis,Ware,46,Ap #859-6755 Phasellus St.,CII64FSQ9DN,27);
INSERT INTO Utilisateur(numUtilisateur,nom,prenom,age,adresse,motDePasse,numClub) VALUES(263,Ashton,Chandler,39,Ap #579-9078 Sed Av.,MMU42OQS0GX,27);
INSERT INTO Utilisateur(numUtilisateur,nom,prenom,age,adresse,motDePasse,numClub) VALUES(264,Rhona,Mccray,86,P.O. Box 447, 2068 Non, Rd.,PYL63XSS6BZ,27);
INSERT INTO Utilisateur(numUtilisateur,nom,prenom,age,adresse,motDePasse,numClub) VALUES(265,Hayes,Dudley,32,P.O. Box 727, 4368 Lacinia Ave,CEQ76XJM7NZ,27);
INSERT INTO Utilisateur(numUtilisateur,nom,prenom,age,adresse,motDePasse,numClub) VALUES(266,Nomlanga,Fletcher,83,Ap #874-9877 Augue St.,VYU63MEA4KS,27);
INSERT INTO Utilisateur(numUtilisateur,nom,prenom,age,adresse,motDePasse,numClub) VALUES(267,Rahim,Fields,75,855-9687 Mauris Ave,QYB59MYW1FR,27);
INSERT INTO Utilisateur(numUtilisateur,nom,prenom,age,adresse,motDePasse,numClub) VALUES(268,Gwendolyn,Erickson,86,Ap #992-757 Sagittis Rd.,IEP33VOV6OC,27);
INSERT INTO Utilisateur(numUtilisateur,nom,prenom,age,adresse,motDePasse,numClub) VALUES(269,Mohammad,Boyer,32,245-9183 Elementum Rd.,JTI77VGI3FU,27);
INSERT INTO Utilisateur(numUtilisateur,nom,prenom,age,adresse,motDePasse,numClub) VALUES(270,Keaton,Little,49,Ap #179-5224 Magna Rd.,HGR19YTY1KO,27);
INSERT INTO Utilisateur(numUtilisateur,nom,prenom,age,adresse,motDePasse,numClub) VALUES(271,Admin,Michel,55,Ap #478-6666 Ornare, Ave,LXQAKJG55PP,28);

INSERT INTO President(numPresident,prime) VALUES(251,200);
INSERT INTO President(numPresident,prime) VALUES(71,200);
INSERT INTO President(numPresident,prime) VALUES(121,200);
INSERT INTO President(numPresident,prime) VALUES(211,200);

INSERT INTO Evaluateur(numEvaluateur,specialité) VALUES(2,placeholder);
INSERT INTO Evaluateur(numEvaluateur,specialité) VALUES(3,placeholder);
INSERT INTO Evaluateur(numEvaluateur,specialité) VALUES(4,placeholder);
INSERT INTO Evaluateur(numEvaluateur,specialité) VALUES(12,placeholder);
INSERT INTO Evaluateur(numEvaluateur,specialité) VALUES(13,placeholder);
INSERT INTO Evaluateur(numEvaluateur,specialité) VALUES(14,placeholder);
INSERT INTO Evaluateur(numEvaluateur,specialité) VALUES(22,placeholder);
INSERT INTO Evaluateur(numEvaluateur,specialité) VALUES(23,placeholder);
INSERT INTO Evaluateur(numEvaluateur,specialité) VALUES(24,placeholder);
INSERT INTO Evaluateur(numEvaluateur,specialité) VALUES(32,placeholder);
INSERT INTO Evaluateur(numEvaluateur,specialité) VALUES(33,placeholder);
INSERT INTO Evaluateur(numEvaluateur,specialité) VALUES(34,placeholder);
INSERT INTO Evaluateur(numEvaluateur,specialité) VALUES(42,placeholder);
INSERT INTO Evaluateur(numEvaluateur,specialité) VALUES(43,placeholder);
INSERT INTO Evaluateur(numEvaluateur,specialité) VALUES(44,placeholder);
INSERT INTO Evaluateur(numEvaluateur,specialité) VALUES(52,placeholder);
INSERT INTO Evaluateur(numEvaluateur,specialité) VALUES(53,placeholder);
INSERT INTO Evaluateur(numEvaluateur,specialité) VALUES(54,placeholder);
INSERT INTO Evaluateur(numEvaluateur,specialité) VALUES(62,placeholder);
INSERT INTO Evaluateur(numEvaluateur,specialité) VALUES(63,placeholder);
INSERT INTO Evaluateur(numEvaluateur,specialité) VALUES(64,placeholder);
INSERT INTO Evaluateur(numEvaluateur,specialité) VALUES(72,placeholder);
INSERT INTO Evaluateur(numEvaluateur,specialité) VALUES(73,placeholder);
INSERT INTO Evaluateur(numEvaluateur,specialité) VALUES(74,placeholder);
INSERT INTO Evaluateur(numEvaluateur,specialité) VALUES(82,placeholder);
INSERT INTO Evaluateur(numEvaluateur,specialité) VALUES(83,placeholder);
INSERT INTO Evaluateur(numEvaluateur,specialité) VALUES(84,placeholder);
INSERT INTO Evaluateur(numEvaluateur,specialité) VALUES(92,placeholder);
INSERT INTO Evaluateur(numEvaluateur,specialité) VALUES(93,placeholder);
INSERT INTO Evaluateur(numEvaluateur,specialité) VALUES(94,placeholder);
INSERT INTO Evaluateur(numEvaluateur,specialité) VALUES(102,placeholder);
INSERT INTO Evaluateur(numEvaluateur,specialité) VALUES(103,placeholder);
INSERT INTO Evaluateur(numEvaluateur,specialité) VALUES(104,placeholder);
INSERT INTO Evaluateur(numEvaluateur,specialité) VALUES(112,placeholder);
INSERT INTO Evaluateur(numEvaluateur,specialité) VALUES(113,placeholder);
INSERT INTO Evaluateur(numEvaluateur,specialité) VALUES(114,placeholder);
INSERT INTO Evaluateur(numEvaluateur,specialité) VALUES(122,placeholder);
INSERT INTO Evaluateur(numEvaluateur,specialité) VALUES(123,placeholder);
INSERT INTO Evaluateur(numEvaluateur,specialité) VALUES(124,placeholder);
INSERT INTO Evaluateur(numEvaluateur,specialité) VALUES(132,placeholder);
INSERT INTO Evaluateur(numEvaluateur,specialité) VALUES(133,placeholder);
INSERT INTO Evaluateur(numEvaluateur,specialité) VALUES(134,placeholder);
INSERT INTO Evaluateur(numEvaluateur,specialité) VALUES(142,placeholder);
INSERT INTO Evaluateur(numEvaluateur,specialité) VALUES(143,placeholder);
INSERT INTO Evaluateur(numEvaluateur,specialité) VALUES(144,placeholder);
INSERT INTO Evaluateur(numEvaluateur,specialité) VALUES(152,placeholder);
INSERT INTO Evaluateur(numEvaluateur,specialité) VALUES(153,placeholder);
INSERT INTO Evaluateur(numEvaluateur,specialité) VALUES(154,placeholder);
INSERT INTO Evaluateur(numEvaluateur,specialité) VALUES(162,placeholder);
INSERT INTO Evaluateur(numEvaluateur,specialité) VALUES(163,placeholder);
INSERT INTO Evaluateur(numEvaluateur,specialité) VALUES(164,placeholder);
INSERT INTO Evaluateur(numEvaluateur,specialité) VALUES(172,placeholder);
INSERT INTO Evaluateur(numEvaluateur,specialité) VALUES(173,placeholder);
INSERT INTO Evaluateur(numEvaluateur,specialité) VALUES(174,placeholder);
INSERT INTO Evaluateur(numEvaluateur,specialité) VALUES(182,placeholder);
INSERT INTO Evaluateur(numEvaluateur,specialité) VALUES(183,placeholder);
INSERT INTO Evaluateur(numEvaluateur,specialité) VALUES(184,placeholder);
INSERT INTO Evaluateur(numEvaluateur,specialité) VALUES(192,placeholder);
INSERT INTO Evaluateur(numEvaluateur,specialité) VALUES(193,placeholder);
INSERT INTO Evaluateur(numEvaluateur,specialité) VALUES(194,placeholder);
INSERT INTO Evaluateur(numEvaluateur,specialité) VALUES(212,placeholder);
INSERT INTO Evaluateur(numEvaluateur,specialité) VALUES(213,placeholder);
INSERT INTO Evaluateur(numEvaluateur,specialité) VALUES(214,placeholder);
INSERT INTO Evaluateur(numEvaluateur,specialité) VALUES(222,placeholder);
INSERT INTO Evaluateur(numEvaluateur,specialité) VALUES(223,placeholder);
INSERT INTO Evaluateur(numEvaluateur,specialité) VALUES(224,placeholder);
INSERT INTO Evaluateur(numEvaluateur,specialité) VALUES(232,placeholder);
INSERT INTO Evaluateur(numEvaluateur,specialité) VALUES(233,placeholder);
INSERT INTO Evaluateur(numEvaluateur,specialité) VALUES(234,placeholder);
INSERT INTO Evaluateur(numEvaluateur,specialité) VALUES(252,placeholder);
INSERT INTO Evaluateur(numEvaluateur,specialité) VALUES(253,placeholder);
INSERT INTO Evaluateur(numEvaluateur,specialité) VALUES(254,placeholder);
INSERT INTO Evaluateur(numEvaluateur,specialité) VALUES(262,placeholder);
INSERT INTO Evaluateur(numEvaluateur,specialité) VALUES(263,placeholder);
INSERT INTO Evaluateur(numEvaluateur,specialité) VALUES(264,placeholder);

INSERT INTO Competiteur(numCompetiteur,datePremiereParticipation) VALUES(5,14/02/2020);
INSERT INTO Competiteur(numCompetiteur,datePremiereParticipation) VALUES(6,14/11/2020);
INSERT INTO Competiteur(numCompetiteur,datePremiereParticipation) VALUES(7,25/07/2020);
INSERT INTO Competiteur(numCompetiteur,datePremiereParticipation) VALUES(8,09/05/2020);
INSERT INTO Competiteur(numCompetiteur,datePremiereParticipation) VALUES(9,17/04/2020);
INSERT INTO Competiteur(numCompetiteur,datePremiereParticipation) VALUES(10,09/08/2020);
INSERT INTO Competiteur(numCompetiteur,datePremiereParticipation) VALUES(15,13/02/2020);
INSERT INTO Competiteur(numCompetiteur,datePremiereParticipation) VALUES(16,25/03/2020);
INSERT INTO Competiteur(numCompetiteur,datePremiereParticipation) VALUES(17,18/11/2020);
INSERT INTO Competiteur(numCompetiteur,datePremiereParticipation) VALUES(18,07/04/2020);
INSERT INTO Competiteur(numCompetiteur,datePremiereParticipation) VALUES(19,21/10/2020);
INSERT INTO Competiteur(numCompetiteur,datePremiereParticipation) VALUES(20,25/01/2020);
INSERT INTO Competiteur(numCompetiteur,datePremiereParticipation) VALUES(25,25/01/2020);
INSERT INTO Competiteur(numCompetiteur,datePremiereParticipation) VALUES(26,23/08/2020);
INSERT INTO Competiteur(numCompetiteur,datePremiereParticipation) VALUES(27,03/07/2020);
INSERT INTO Competiteur(numCompetiteur,datePremiereParticipation) VALUES(28,09/11/2020);
INSERT INTO Competiteur(numCompetiteur,datePremiereParticipation) VALUES(29,27/01/2020);
INSERT INTO Competiteur(numCompetiteur,datePremiereParticipation) VALUES(30,14/05/2020);
INSERT INTO Competiteur(numCompetiteur,datePremiereParticipation) VALUES(35,26/09/2020);
INSERT INTO Competiteur(numCompetiteur,datePremiereParticipation) VALUES(36,04/12/2020);
INSERT INTO Competiteur(numCompetiteur,datePremiereParticipation) VALUES(37,04/04/2020);
INSERT INTO Competiteur(numCompetiteur,datePremiereParticipation) VALUES(38,10/11/2020);
INSERT INTO Competiteur(numCompetiteur,datePremiereParticipation) VALUES(39,18/08/2020);
INSERT INTO Competiteur(numCompetiteur,datePremiereParticipation) VALUES(40,03/07/2020);
INSERT INTO Competiteur(numCompetiteur,datePremiereParticipation) VALUES(45,06/07/2020);
INSERT INTO Competiteur(numCompetiteur,datePremiereParticipation) VALUES(46,14/11/2020);
INSERT INTO Competiteur(numCompetiteur,datePremiereParticipation) VALUES(47,18/04/2020);
INSERT INTO Competiteur(numCompetiteur,datePremiereParticipation) VALUES(48,23/11/2020);
INSERT INTO Competiteur(numCompetiteur,datePremiereParticipation) VALUES(49,13/11/2020);
INSERT INTO Competiteur(numCompetiteur,datePremiereParticipation) VALUES(50,01/01/2020);
INSERT INTO Competiteur(numCompetiteur,datePremiereParticipation) VALUES(55,06/08/2020);
INSERT INTO Competiteur(numCompetiteur,datePremiereParticipation) VALUES(56,19/02/2020);
INSERT INTO Competiteur(numCompetiteur,datePremiereParticipation) VALUES(57,07/06/2020);
INSERT INTO Competiteur(numCompetiteur,datePremiereParticipation) VALUES(58,22/07/2020);
INSERT INTO Competiteur(numCompetiteur,datePremiereParticipation) VALUES(59,21/07/2020);
INSERT INTO Competiteur(numCompetiteur,datePremiereParticipation) VALUES(60,15/01/2020);
INSERT INTO Competiteur(numCompetiteur,datePremiereParticipation) VALUES(65,15/04/2020);
INSERT INTO Competiteur(numCompetiteur,datePremiereParticipation) VALUES(66,17/08/2020);
INSERT INTO Competiteur(numCompetiteur,datePremiereParticipation) VALUES(67,23/10/2020);
INSERT INTO Competiteur(numCompetiteur,datePremiereParticipation) VALUES(68,08/12/2020);
INSERT INTO Competiteur(numCompetiteur,datePremiereParticipation) VALUES(69,08/11/2020);
INSERT INTO Competiteur(numCompetiteur,datePremiereParticipation) VALUES(70,03/08/2020);
INSERT INTO Competiteur(numCompetiteur,datePremiereParticipation) VALUES(75,02/09/2020);
INSERT INTO Competiteur(numCompetiteur,datePremiereParticipation) VALUES(76,21/01/2020);
INSERT INTO Competiteur(numCompetiteur,datePremiereParticipation) VALUES(77,12/09/2020);
INSERT INTO Competiteur(numCompetiteur,datePremiereParticipation) VALUES(78,26/12/2020);
INSERT INTO Competiteur(numCompetiteur,datePremiereParticipation) VALUES(79,22/12/2020);
INSERT INTO Competiteur(numCompetiteur,datePremiereParticipation) VALUES(80,09/05/2020);
INSERT INTO Competiteur(numCompetiteur,datePremiereParticipation) VALUES(85,03/06/2020);
INSERT INTO Competiteur(numCompetiteur,datePremiereParticipation) VALUES(86,01/11/2020);
INSERT INTO Competiteur(numCompetiteur,datePremiereParticipation) VALUES(87,04/08/2020);
INSERT INTO Competiteur(numCompetiteur,datePremiereParticipation) VALUES(88,01/05/2020);
INSERT INTO Competiteur(numCompetiteur,datePremiereParticipation) VALUES(89,04/08/2020);
INSERT INTO Competiteur(numCompetiteur,datePremiereParticipation) VALUES(90,13/01/2020);
INSERT INTO Competiteur(numCompetiteur,datePremiereParticipation) VALUES(95,23/09/2020);
INSERT INTO Competiteur(numCompetiteur,datePremiereParticipation) VALUES(96,22/10/2020);
INSERT INTO Competiteur(numCompetiteur,datePremiereParticipation) VALUES(97,20/10/2020);
INSERT INTO Competiteur(numCompetiteur,datePremiereParticipation) VALUES(98,20/05/2020);
INSERT INTO Competiteur(numCompetiteur,datePremiereParticipation) VALUES(99,21/09/2020);
INSERT INTO Competiteur(numCompetiteur,datePremiereParticipation) VALUES(100,12/03/2020);
INSERT INTO Competiteur(numCompetiteur,datePremiereParticipation) VALUES(105,26/11/2020);
INSERT INTO Competiteur(numCompetiteur,datePremiereParticipation) VALUES(106,19/09/2020);
INSERT INTO Competiteur(numCompetiteur,datePremiereParticipation) VALUES(107,21/02/2020);
INSERT INTO Competiteur(numCompetiteur,datePremiereParticipation) VALUES(108,13/08/2020);
INSERT INTO Competiteur(numCompetiteur,datePremiereParticipation) VALUES(109,15/09/2020);
INSERT INTO Competiteur(numCompetiteur,datePremiereParticipation) VALUES(110,15/08/2020);
INSERT INTO Competiteur(numCompetiteur,datePremiereParticipation) VALUES(115,17/10/2020);
INSERT INTO Competiteur(numCompetiteur,datePremiereParticipation) VALUES(116,18/06/2020);
INSERT INTO Competiteur(numCompetiteur,datePremiereParticipation) VALUES(117,05/04/2020);
INSERT INTO Competiteur(numCompetiteur,datePremiereParticipation) VALUES(118,13/06/2020);
INSERT INTO Competiteur(numCompetiteur,datePremiereParticipation) VALUES(119,16/06/2020);
INSERT INTO Competiteur(numCompetiteur,datePremiereParticipation) VALUES(120,20/12/2020);
INSERT INTO Competiteur(numCompetiteur,datePremiereParticipation) VALUES(125,24/11/2020);
INSERT INTO Competiteur(numCompetiteur,datePremiereParticipation) VALUES(126,15/10/2020);
INSERT INTO Competiteur(numCompetiteur,datePremiereParticipation) VALUES(127,16/02/2020);
INSERT INTO Competiteur(numCompetiteur,datePremiereParticipation) VALUES(128,22/04/2020);
INSERT INTO Competiteur(numCompetiteur,datePremiereParticipation) VALUES(129,19/03/2020);
INSERT INTO Competiteur(numCompetiteur,datePremiereParticipation) VALUES(130,21/07/2020);
INSERT INTO Competiteur(numCompetiteur,datePremiereParticipation) VALUES(135,10/10/2020);
INSERT INTO Competiteur(numCompetiteur,datePremiereParticipation) VALUES(136,14/08/2020);
INSERT INTO Competiteur(numCompetiteur,datePremiereParticipation) VALUES(137,16/07/2020);
INSERT INTO Competiteur(numCompetiteur,datePremiereParticipation) VALUES(138,26/10/2020);
INSERT INTO Competiteur(numCompetiteur,datePremiereParticipation) VALUES(139,20/12/2020);
INSERT INTO Competiteur(numCompetiteur,datePremiereParticipation) VALUES(140,14/10/2020);
INSERT INTO Competiteur(numCompetiteur,datePremiereParticipation) VALUES(145,26/09/2020);
INSERT INTO Competiteur(numCompetiteur,datePremiereParticipation) VALUES(146,03/04/2020);
INSERT INTO Competiteur(numCompetiteur,datePremiereParticipation) VALUES(147,23/01/2020);
INSERT INTO Competiteur(numCompetiteur,datePremiereParticipation) VALUES(148,18/02/2020);
INSERT INTO Competiteur(numCompetiteur,datePremiereParticipation) VALUES(149,16/08/2020);
INSERT INTO Competiteur(numCompetiteur,datePremiereParticipation) VALUES(150,20/03/2020);
INSERT INTO Competiteur(numCompetiteur,datePremiereParticipation) VALUES(155,16/10/2020);
INSERT INTO Competiteur(numCompetiteur,datePremiereParticipation) VALUES(156,23/07/2020);
INSERT INTO Competiteur(numCompetiteur,datePremiereParticipation) VALUES(157,23/10/2020);
INSERT INTO Competiteur(numCompetiteur,datePremiereParticipation) VALUES(158,24/12/2020);
INSERT INTO Competiteur(numCompetiteur,datePremiereParticipation) VALUES(159,26/08/2020);
INSERT INTO Competiteur(numCompetiteur,datePremiereParticipation) VALUES(160,16/03/2020);
INSERT INTO Competiteur(numCompetiteur,datePremiereParticipation) VALUES(165,06/09/2020);
INSERT INTO Competiteur(numCompetiteur,datePremiereParticipation) VALUES(166,22/04/2020);
INSERT INTO Competiteur(numCompetiteur,datePremiereParticipation) VALUES(167,24/10/2020);
INSERT INTO Competiteur(numCompetiteur,datePremiereParticipation) VALUES(168,17/09/2020);
INSERT INTO Competiteur(numCompetiteur,datePremiereParticipation) VALUES(169,24/05/2020);
INSERT INTO Competiteur(numCompetiteur,datePremiereParticipation) VALUES(170,06/12/2020);
INSERT INTO Competiteur(numCompetiteur,datePremiereParticipation) VALUES(175,22/11/2020);
INSERT INTO Competiteur(numCompetiteur,datePremiereParticipation) VALUES(176,09/01/2020);
INSERT INTO Competiteur(numCompetiteur,datePremiereParticipation) VALUES(177,12/11/2020);
INSERT INTO Competiteur(numCompetiteur,datePremiereParticipation) VALUES(178,13/10/2020);
INSERT INTO Competiteur(numCompetiteur,datePremiereParticipation) VALUES(179,01/01/2020);
INSERT INTO Competiteur(numCompetiteur,datePremiereParticipation) VALUES(180,11/12/2020);
INSERT INTO Competiteur(numCompetiteur,datePremiereParticipation) VALUES(185,11/11/2020);
INSERT INTO Competiteur(numCompetiteur,datePremiereParticipation) VALUES(186,20/03/2020);
INSERT INTO Competiteur(numCompetiteur,datePremiereParticipation) VALUES(187,21/10/2020);
INSERT INTO Competiteur(numCompetiteur,datePremiereParticipation) VALUES(188,17/11/2020);
INSERT INTO Competiteur(numCompetiteur,datePremiereParticipation) VALUES(189,27/03/2020);
INSERT INTO Competiteur(numCompetiteur,datePremiereParticipation) VALUES(190,18/02/2020);
INSERT INTO Competiteur(numCompetiteur,datePremiereParticipation) VALUES(195,27/06/2020);
INSERT INTO Competiteur(numCompetiteur,datePremiereParticipation) VALUES(196,26/02/2020);
INSERT INTO Competiteur(numCompetiteur,datePremiereParticipation) VALUES(197,27/09/2020);
INSERT INTO Competiteur(numCompetiteur,datePremiereParticipation) VALUES(198,14/02/2020);
INSERT INTO Competiteur(numCompetiteur,datePremiereParticipation) VALUES(199,01/08/2020);
INSERT INTO Competiteur(numCompetiteur,datePremiereParticipation) VALUES(200,23/12/2020);
INSERT INTO Competiteur(numCompetiteur,datePremiereParticipation) VALUES(215,08/08/2020);
INSERT INTO Competiteur(numCompetiteur,datePremiereParticipation) VALUES(216,01/08/2020);
INSERT INTO Competiteur(numCompetiteur,datePremiereParticipation) VALUES(217,13/09/2020);
INSERT INTO Competiteur(numCompetiteur,datePremiereParticipation) VALUES(218,10/09/2020);
INSERT INTO Competiteur(numCompetiteur,datePremiereParticipation) VALUES(219,23/11/2020);
INSERT INTO Competiteur(numCompetiteur,datePremiereParticipation) VALUES(220,12/03/2020);
INSERT INTO Competiteur(numCompetiteur,datePremiereParticipation) VALUES(225,02/02/2020);
INSERT INTO Competiteur(numCompetiteur,datePremiereParticipation) VALUES(226,14/02/2020);
INSERT INTO Competiteur(numCompetiteur,datePremiereParticipation) VALUES(227,13/01/2020);
INSERT INTO Competiteur(numCompetiteur,datePremiereParticipation) VALUES(228,09/12/2020);
INSERT INTO Competiteur(numCompetiteur,datePremiereParticipation) VALUES(229,24/11/2020);
INSERT INTO Competiteur(numCompetiteur,datePremiereParticipation) VALUES(230,18/11/2020);
INSERT INTO Competiteur(numCompetiteur,datePremiereParticipation) VALUES(235,16/08/2020);
INSERT INTO Competiteur(numCompetiteur,datePremiereParticipation) VALUES(236,16/01/2020);
INSERT INTO Competiteur(numCompetiteur,datePremiereParticipation) VALUES(237,21/11/2020);
INSERT INTO Competiteur(numCompetiteur,datePremiereParticipation) VALUES(238,27/05/2020);
INSERT INTO Competiteur(numCompetiteur,datePremiereParticipation) VALUES(239,25/01/2020);
INSERT INTO Competiteur(numCompetiteur,datePremiereParticipation) VALUES(240,05/04/2020);
INSERT INTO Competiteur(numCompetiteur,datePremiereParticipation) VALUES(255,21/10/2020);
INSERT INTO Competiteur(numCompetiteur,datePremiereParticipation) VALUES(256,01/03/2020);
INSERT INTO Competiteur(numCompetiteur,datePremiereParticipation) VALUES(257,22/12/2020);
INSERT INTO Competiteur(numCompetiteur,datePremiereParticipation) VALUES(258,22/10/2020);
INSERT INTO Competiteur(numCompetiteur,datePremiereParticipation) VALUES(259,12/10/2020);
INSERT INTO Competiteur(numCompetiteur,datePremiereParticipation) VALUES(260,18/06/2020);
INSERT INTO Competiteur(numCompetiteur,datePremiereParticipation) VALUES(265,05/12/2020);
INSERT INTO Competiteur(numCompetiteur,datePremiereParticipation) VALUES(266,11/04/2020);
INSERT INTO Competiteur(numCompetiteur,datePremiereParticipation) VALUES(267,14/02/2020);
INSERT INTO Competiteur(numCompetiteur,datePremiereParticipation) VALUES(268,17/01/2020);
INSERT INTO Competiteur(numCompetiteur,datePremiereParticipation) VALUES(269,04/02/2020);
INSERT INTO Competiteur(numCompetiteur,datePremiereParticipation) VALUES(270,16/06/2020);

INSERT INTO Administrateur(numAdministrateur,dateDebut) VALUES(271,10/01/2023);

INSERT INTO Directeur(numDirecteur,dateDebut) VALUES(1,06/07/2018);
INSERT INTO Directeur(numDirecteur,dateDebut) VALUES(11,13/12/2010);
INSERT INTO Directeur(numDirecteur,dateDebut) VALUES(21,09/03/2019);
INSERT INTO Directeur(numDirecteur,dateDebut) VALUES(31,02/01/2019);
INSERT INTO Directeur(numDirecteur,dateDebut) VALUES(41,19/11/2016);
INSERT INTO Directeur(numDirecteur,dateDebut) VALUES(51,08/12/2018);
INSERT INTO Directeur(numDirecteur,dateDebut) VALUES(61,14/01/2014);
INSERT INTO Directeur(numDirecteur,dateDebut) VALUES(71,01/12/2007);
INSERT INTO Directeur(numDirecteur,dateDebut) VALUES(81,18/02/2004);
INSERT INTO Directeur(numDirecteur,dateDebut) VALUES(91,01/12/2004);
INSERT INTO Directeur(numDirecteur,dateDebut) VALUES(101,06/08/2003);
INSERT INTO Directeur(numDirecteur,dateDebut) VALUES(111,24/12/2007);
INSERT INTO Directeur(numDirecteur,dateDebut) VALUES(121,12/12/2022);
INSERT INTO Directeur(numDirecteur,dateDebut) VALUES(131,22/08/2020);
INSERT INTO Directeur(numDirecteur,dateDebut) VALUES(141,21/07/2005);
INSERT INTO Directeur(numDirecteur,dateDebut) VALUES(151,22/11/2004);
INSERT INTO Directeur(numDirecteur,dateDebut) VALUES(161,19/11/2014);
INSERT INTO Directeur(numDirecteur,dateDebut) VALUES(171,15/04/2012);
INSERT INTO Directeur(numDirecteur,dateDebut) VALUES(181,25/08/2020);
INSERT INTO Directeur(numDirecteur,dateDebut) VALUES(191,09/08/2017);
INSERT INTO Directeur(numDirecteur,dateDebut) VALUES(201,09/10/2015);
INSERT INTO Directeur(numDirecteur,dateDebut) VALUES(211,09/05/2019);
INSERT INTO Directeur(numDirecteur,dateDebut) VALUES(221,13/11/2003);
INSERT INTO Directeur(numDirecteur,dateDebut) VALUES(231,05/10/2015);
INSERT INTO Directeur(numDirecteur,dateDebut) VALUES(241,15/07/2010);
INSERT INTO Directeur(numDirecteur,dateDebut) VALUES(251,23/10/2022);
INSERT INTO Directeur(numDirecteur,dateDebut) VALUES(261,14/09/2003);

INSERT INTO Dirige(numClub,numDirecteur) VALUES(1,1);
INSERT INTO Dirige(numClub,numDirecteur) VALUES(2,11);
INSERT INTO Dirige(numClub,numDirecteur) VALUES(3,21);
INSERT INTO Dirige(numClub,numDirecteur) VALUES(4,31);
INSERT INTO Dirige(numClub,numDirecteur) VALUES(5,41);
INSERT INTO Dirige(numClub,numDirecteur) VALUES(6,51);
INSERT INTO Dirige(numClub,numDirecteur) VALUES(7,61);
INSERT INTO Dirige(numClub,numDirecteur) VALUES(8,71);
INSERT INTO Dirige(numClub,numDirecteur) VALUES(9,81);
INSERT INTO Dirige(numClub,numDirecteur) VALUES(10,91);
INSERT INTO Dirige(numClub,numDirecteur) VALUES(11,101);
INSERT INTO Dirige(numClub,numDirecteur) VALUES(12,111);
INSERT INTO Dirige(numClub,numDirecteur) VALUES(13,121);
INSERT INTO Dirige(numClub,numDirecteur) VALUES(14,131);
INSERT INTO Dirige(numClub,numDirecteur) VALUES(15,141);
INSERT INTO Dirige(numClub,numDirecteur) VALUES(16,151);
INSERT INTO Dirige(numClub,numDirecteur) VALUES(17,161);
INSERT INTO Dirige(numClub,numDirecteur) VALUES(18,171);
INSERT INTO Dirige(numClub,numDirecteur) VALUES(19,181);
INSERT INTO Dirige(numClub,numDirecteur) VALUES(20,191);
INSERT INTO Dirige(numClub,numDirecteur) VALUES(21,201);
INSERT INTO Dirige(numClub,numDirecteur) VALUES(22,211);
INSERT INTO Dirige(numClub,numDirecteur) VALUES(23,221);
INSERT INTO Dirige(numClub,numDirecteur) VALUES(24,231);
INSERT INTO Dirige(numClub,numDirecteur) VALUES(25,241);
INSERT INTO Dirige(numClub,numDirecteur) VALUES(26,251);
INSERT INTO Dirige(numClub,numDirecteur) VALUES(27,261);

INSERT INTO Concours(numConcours,theme,descriptif,dateDebut,dateFin,etat,numPresident) VALUES(1,hiver,placeholder,01/01/2023,01/02/2023,en cours,251);
INSERT INTO Concours(numConcours,theme,descriptif,dateDebut,dateFin,etat,numPresident) VALUES(2,printemps,placeholder,01/04/2023,01/05/2023,pas commence,71);
INSERT INTO Concours(numConcours,theme,descriptif,dateDebut,dateFin,etat,numPresident) VALUES(3,été,placeholder,01/07/2023,01/08/2023,pas commence,121);
INSERT INTO Concours(numConcours,theme,descriptif,dateDebut,dateFin,etat,numPresident) VALUES(4,automne,placeholder,01/10/2023,01/11/2023,pas commence,211);

INSERT INTO ParticipeClub(numClub,numConcours) VALUES(1,1);
INSERT INTO ParticipeClub(numClub,numConcours) VALUES(2,1);
INSERT INTO ParticipeClub(numClub,numConcours) VALUES(4,1);
INSERT INTO ParticipeClub(numClub,numConcours) VALUES(5,1);
INSERT INTO ParticipeClub(numClub,numConcours) VALUES(10,1);
INSERT INTO ParticipeClub(numClub,numConcours) VALUES(11,1);
INSERT INTO ParticipeClub(numClub,numConcours) VALUES(13,1);
INSERT INTO ParticipeClub(numClub,numConcours) VALUES(14,1);
INSERT INTO ParticipeClub(numClub,numConcours) VALUES(14,2);
INSERT INTO ParticipeClub(numClub,numConcours) VALUES(15,2);
INSERT INTO ParticipeClub(numClub,numConcours) VALUES(16,2);
INSERT INTO ParticipeClub(numClub,numConcours) VALUES(17,2);
INSERT INTO ParticipeClub(numClub,numConcours) VALUES(19,2);
INSERT INTO ParticipeClub(numClub,numConcours) VALUES(20,2);
INSERT INTO ParticipeClub(numClub,numConcours) VALUES(22,2);
INSERT INTO ParticipeClub(numClub,numConcours) VALUES(23,2);
INSERT INTO ParticipeClub(numClub,numConcours) VALUES(23,3);
INSERT INTO ParticipeClub(numClub,numConcours) VALUES(24,3);
INSERT INTO ParticipeClub(numClub,numConcours) VALUES(26,3);
INSERT INTO ParticipeClub(numClub,numConcours) VALUES(27,3);
INSERT INTO ParticipeClub(numClub,numConcours) VALUES(5,3);
INSERT INTO ParticipeClub(numClub,numConcours) VALUES(6,3);
INSERT INTO ParticipeClub(numClub,numConcours) VALUES(8,3);
INSERT INTO ParticipeClub(numClub,numConcours) VALUES(9,3);
INSERT INTO ParticipeClub(numClub,numConcours) VALUES(2,4);
INSERT INTO ParticipeClub(numClub,numConcours) VALUES(3,4);
INSERT INTO ParticipeClub(numClub,numConcours) VALUES(7,4);
INSERT INTO ParticipeClub(numClub,numConcours) VALUES(8,4);
INSERT INTO ParticipeClub(numClub,numConcours) VALUES(10,4);
INSERT INTO ParticipeClub(numClub,numConcours) VALUES(12,4);
INSERT INTO ParticipeClub(numClub,numConcours) VALUES(17,4);
INSERT INTO ParticipeClub(numClub,numConcours) VALUES(18,4);

INSERT INTO ParticipeCompetiteur(numCompetiteur,numConcours) VALUES(5,1);
INSERT INTO ParticipeCompetiteur(numCompetiteur,numConcours) VALUES(6,1);
INSERT INTO ParticipeCompetiteur(numCompetiteur,numConcours) VALUES(7,1);
INSERT INTO ParticipeCompetiteur(numCompetiteur,numConcours) VALUES(8,1);
INSERT INTO ParticipeCompetiteur(numCompetiteur,numConcours) VALUES(9,1);
INSERT INTO ParticipeCompetiteur(numCompetiteur,numConcours) VALUES(10,1);
INSERT INTO ParticipeCompetiteur(numCompetiteur,numConcours) VALUES(15,1);
INSERT INTO ParticipeCompetiteur(numCompetiteur,numConcours) VALUES(14,1);
INSERT INTO ParticipeCompetiteur(numCompetiteur,numConcours) VALUES(17,1);
INSERT INTO ParticipeCompetiteur(numCompetiteur,numConcours) VALUES(18,1);
INSERT INTO ParticipeCompetiteur(numCompetiteur,numConcours) VALUES(19,1);
INSERT INTO ParticipeCompetiteur(numCompetiteur,numConcours) VALUES(20,1);
INSERT INTO ParticipeCompetiteur(numCompetiteur,numConcours) VALUES(35,1);
INSERT INTO ParticipeCompetiteur(numCompetiteur,numConcours) VALUES(36,1);
INSERT INTO ParticipeCompetiteur(numCompetiteur,numConcours) VALUES(37,1);
INSERT INTO ParticipeCompetiteur(numCompetiteur,numConcours) VALUES(38,1);
INSERT INTO ParticipeCompetiteur(numCompetiteur,numConcours) VALUES(39,1);
INSERT INTO ParticipeCompetiteur(numCompetiteur,numConcours) VALUES(40,1);
INSERT INTO ParticipeCompetiteur(numCompetiteur,numConcours) VALUES(45,1);
INSERT INTO ParticipeCompetiteur(numCompetiteur,numConcours) VALUES(46,1);
INSERT INTO ParticipeCompetiteur(numCompetiteur,numConcours) VALUES(47,1);
INSERT INTO ParticipeCompetiteur(numCompetiteur,numConcours) VALUES(48,1);
INSERT INTO ParticipeCompetiteur(numCompetiteur,numConcours) VALUES(49,1);
INSERT INTO ParticipeCompetiteur(numCompetiteur,numConcours) VALUES(50,1);
INSERT INTO ParticipeCompetiteur(numCompetiteur,numConcours) VALUES(95,1);
INSERT INTO ParticipeCompetiteur(numCompetiteur,numConcours) VALUES(96,1);
INSERT INTO ParticipeCompetiteur(numCompetiteur,numConcours) VALUES(97,1);
INSERT INTO ParticipeCompetiteur(numCompetiteur,numConcours) VALUES(98,1);
INSERT INTO ParticipeCompetiteur(numCompetiteur,numConcours) VALUES(99,1);
INSERT INTO ParticipeCompetiteur(numCompetiteur,numConcours) VALUES(100,1);
INSERT INTO ParticipeCompetiteur(numCompetiteur,numConcours) VALUES(105,1);
INSERT INTO ParticipeCompetiteur(numCompetiteur,numConcours) VALUES(106,1);
INSERT INTO ParticipeCompetiteur(numCompetiteur,numConcours) VALUES(107,1);
INSERT INTO ParticipeCompetiteur(numCompetiteur,numConcours) VALUES(108,1);
INSERT INTO ParticipeCompetiteur(numCompetiteur,numConcours) VALUES(109,1);
INSERT INTO ParticipeCompetiteur(numCompetiteur,numConcours) VALUES(110,1);
INSERT INTO ParticipeCompetiteur(numCompetiteur,numConcours) VALUES(125,1);
INSERT INTO ParticipeCompetiteur(numCompetiteur,numConcours) VALUES(126,1);
INSERT INTO ParticipeCompetiteur(numCompetiteur,numConcours) VALUES(127,1);
INSERT INTO ParticipeCompetiteur(numCompetiteur,numConcours) VALUES(128,1);
INSERT INTO ParticipeCompetiteur(numCompetiteur,numConcours) VALUES(129,1);
INSERT INTO ParticipeCompetiteur(numCompetiteur,numConcours) VALUES(130,1);
INSERT INTO ParticipeCompetiteur(numCompetiteur,numConcours) VALUES(135,1);
INSERT INTO ParticipeCompetiteur(numCompetiteur,numConcours) VALUES(136,1);
INSERT INTO ParticipeCompetiteur(numCompetiteur,numConcours) VALUES(137,1);
INSERT INTO ParticipeCompetiteur(numCompetiteur,numConcours) VALUES(138,1);
INSERT INTO ParticipeCompetiteur(numCompetiteur,numConcours) VALUES(139,1);
INSERT INTO ParticipeCompetiteur(numCompetiteur,numConcours) VALUES(140,1);
INSERT INTO ParticipeCompetiteur(numCompetiteur,numConcours) VALUES(135,2);
INSERT INTO ParticipeCompetiteur(numCompetiteur,numConcours) VALUES(136,2);
INSERT INTO ParticipeCompetiteur(numCompetiteur,numConcours) VALUES(137,2);
INSERT INTO ParticipeCompetiteur(numCompetiteur,numConcours) VALUES(138,2);
INSERT INTO ParticipeCompetiteur(numCompetiteur,numConcours) VALUES(139,2);
INSERT INTO ParticipeCompetiteur(numCompetiteur,numConcours) VALUES(140,2);
INSERT INTO ParticipeCompetiteur(numCompetiteur,numConcours) VALUES(145,2);
INSERT INTO ParticipeCompetiteur(numCompetiteur,numConcours) VALUES(146,2);
INSERT INTO ParticipeCompetiteur(numCompetiteur,numConcours) VALUES(147,2);
INSERT INTO ParticipeCompetiteur(numCompetiteur,numConcours) VALUES(148,2);
INSERT INTO ParticipeCompetiteur(numCompetiteur,numConcours) VALUES(149,2);
INSERT INTO ParticipeCompetiteur(numCompetiteur,numConcours) VALUES(150,2);
INSERT INTO ParticipeCompetiteur(numCompetiteur,numConcours) VALUES(155,2);
INSERT INTO ParticipeCompetiteur(numCompetiteur,numConcours) VALUES(156,2);
INSERT INTO ParticipeCompetiteur(numCompetiteur,numConcours) VALUES(157,2);
INSERT INTO ParticipeCompetiteur(numCompetiteur,numConcours) VALUES(158,2);
INSERT INTO ParticipeCompetiteur(numCompetiteur,numConcours) VALUES(159,2);
INSERT INTO ParticipeCompetiteur(numCompetiteur,numConcours) VALUES(160,2);
INSERT INTO ParticipeCompetiteur(numCompetiteur,numConcours) VALUES(165,2);
INSERT INTO ParticipeCompetiteur(numCompetiteur,numConcours) VALUES(166,2);
INSERT INTO ParticipeCompetiteur(numCompetiteur,numConcours) VALUES(167,2);
INSERT INTO ParticipeCompetiteur(numCompetiteur,numConcours) VALUES(168,2);
INSERT INTO ParticipeCompetiteur(numCompetiteur,numConcours) VALUES(169,2);
INSERT INTO ParticipeCompetiteur(numCompetiteur,numConcours) VALUES(170,2);
INSERT INTO ParticipeCompetiteur(numCompetiteur,numConcours) VALUES(185,2);
INSERT INTO ParticipeCompetiteur(numCompetiteur,numConcours) VALUES(186,2);
INSERT INTO ParticipeCompetiteur(numCompetiteur,numConcours) VALUES(187,2);
INSERT INTO ParticipeCompetiteur(numCompetiteur,numConcours) VALUES(188,2);
INSERT INTO ParticipeCompetiteur(numCompetiteur,numConcours) VALUES(189,2);
INSERT INTO ParticipeCompetiteur(numCompetiteur,numConcours) VALUES(190,2);
INSERT INTO ParticipeCompetiteur(numCompetiteur,numConcours) VALUES(195,2);
INSERT INTO ParticipeCompetiteur(numCompetiteur,numConcours) VALUES(196,2);
INSERT INTO ParticipeCompetiteur(numCompetiteur,numConcours) VALUES(197,2);
INSERT INTO ParticipeCompetiteur(numCompetiteur,numConcours) VALUES(198,2);
INSERT INTO ParticipeCompetiteur(numCompetiteur,numConcours) VALUES(199,2);
INSERT INTO ParticipeCompetiteur(numCompetiteur,numConcours) VALUES(200,2);
INSERT INTO ParticipeCompetiteur(numCompetiteur,numConcours) VALUES(215,2);
INSERT INTO ParticipeCompetiteur(numCompetiteur,numConcours) VALUES(216,2);
INSERT INTO ParticipeCompetiteur(numCompetiteur,numConcours) VALUES(217,2);
INSERT INTO ParticipeCompetiteur(numCompetiteur,numConcours) VALUES(218,2);
INSERT INTO ParticipeCompetiteur(numCompetiteur,numConcours) VALUES(219,2);
INSERT INTO ParticipeCompetiteur(numCompetiteur,numConcours) VALUES(220,2);
INSERT INTO ParticipeCompetiteur(numCompetiteur,numConcours) VALUES(225,2);
INSERT INTO ParticipeCompetiteur(numCompetiteur,numConcours) VALUES(226,2);
INSERT INTO ParticipeCompetiteur(numCompetiteur,numConcours) VALUES(227,2);
INSERT INTO ParticipeCompetiteur(numCompetiteur,numConcours) VALUES(228,2);
INSERT INTO ParticipeCompetiteur(numCompetiteur,numConcours) VALUES(229,2);
INSERT INTO ParticipeCompetiteur(numCompetiteur,numConcours) VALUES(230,2);
INSERT INTO ParticipeCompetiteur(numCompetiteur,numConcours) VALUES(225,3);
INSERT INTO ParticipeCompetiteur(numCompetiteur,numConcours) VALUES(226,3);
INSERT INTO ParticipeCompetiteur(numCompetiteur,numConcours) VALUES(227,3);
INSERT INTO ParticipeCompetiteur(numCompetiteur,numConcours) VALUES(228,3);
INSERT INTO ParticipeCompetiteur(numCompetiteur,numConcours) VALUES(229,3);
INSERT INTO ParticipeCompetiteur(numCompetiteur,numConcours) VALUES(230,3);
INSERT INTO ParticipeCompetiteur(numCompetiteur,numConcours) VALUES(235,3);
INSERT INTO ParticipeCompetiteur(numCompetiteur,numConcours) VALUES(236,3);
INSERT INTO ParticipeCompetiteur(numCompetiteur,numConcours) VALUES(237,3);
INSERT INTO ParticipeCompetiteur(numCompetiteur,numConcours) VALUES(238,3);
INSERT INTO ParticipeCompetiteur(numCompetiteur,numConcours) VALUES(239,3);
INSERT INTO ParticipeCompetiteur(numCompetiteur,numConcours) VALUES(240,3);
INSERT INTO ParticipeCompetiteur(numCompetiteur,numConcours) VALUES(255,3);
INSERT INTO ParticipeCompetiteur(numCompetiteur,numConcours) VALUES(256,3);
INSERT INTO ParticipeCompetiteur(numCompetiteur,numConcours) VALUES(257,3);
INSERT INTO ParticipeCompetiteur(numCompetiteur,numConcours) VALUES(258,3);
INSERT INTO ParticipeCompetiteur(numCompetiteur,numConcours) VALUES(259,3);
INSERT INTO ParticipeCompetiteur(numCompetiteur,numConcours) VALUES(260,3);
INSERT INTO ParticipeCompetiteur(numCompetiteur,numConcours) VALUES(265,3);
INSERT INTO ParticipeCompetiteur(numCompetiteur,numConcours) VALUES(266,3);
INSERT INTO ParticipeCompetiteur(numCompetiteur,numConcours) VALUES(267,3);
INSERT INTO ParticipeCompetiteur(numCompetiteur,numConcours) VALUES(268,3);
INSERT INTO ParticipeCompetiteur(numCompetiteur,numConcours) VALUES(269,3);
INSERT INTO ParticipeCompetiteur(numCompetiteur,numConcours) VALUES(270,3);
INSERT INTO ParticipeCompetiteur(numCompetiteur,numConcours) VALUES(45,3);
INSERT INTO ParticipeCompetiteur(numCompetiteur,numConcours) VALUES(46,3);
INSERT INTO ParticipeCompetiteur(numCompetiteur,numConcours) VALUES(47,3);
INSERT INTO ParticipeCompetiteur(numCompetiteur,numConcours) VALUES(48,3);
INSERT INTO ParticipeCompetiteur(numCompetiteur,numConcours) VALUES(49,3);
INSERT INTO ParticipeCompetiteur(numCompetiteur,numConcours) VALUES(50,3);
INSERT INTO ParticipeCompetiteur(numCompetiteur,numConcours) VALUES(55,3);
INSERT INTO ParticipeCompetiteur(numCompetiteur,numConcours) VALUES(56,3);
INSERT INTO ParticipeCompetiteur(numCompetiteur,numConcours) VALUES(57,3);
INSERT INTO ParticipeCompetiteur(numCompetiteur,numConcours) VALUES(58,3);
INSERT INTO ParticipeCompetiteur(numCompetiteur,numConcours) VALUES(59,3);
INSERT INTO ParticipeCompetiteur(numCompetiteur,numConcours) VALUES(60,3);
INSERT INTO ParticipeCompetiteur(numCompetiteur,numConcours) VALUES(75,3);
INSERT INTO ParticipeCompetiteur(numCompetiteur,numConcours) VALUES(76,3);
INSERT INTO ParticipeCompetiteur(numCompetiteur,numConcours) VALUES(77,3);
INSERT INTO ParticipeCompetiteur(numCompetiteur,numConcours) VALUES(78,3);
INSERT INTO ParticipeCompetiteur(numCompetiteur,numConcours) VALUES(79,3);
INSERT INTO ParticipeCompetiteur(numCompetiteur,numConcours) VALUES(80,3);
INSERT INTO ParticipeCompetiteur(numCompetiteur,numConcours) VALUES(85,3);
INSERT INTO ParticipeCompetiteur(numCompetiteur,numConcours) VALUES(86,3);
INSERT INTO ParticipeCompetiteur(numCompetiteur,numConcours) VALUES(87,3);
INSERT INTO ParticipeCompetiteur(numCompetiteur,numConcours) VALUES(88,3);
INSERT INTO ParticipeCompetiteur(numCompetiteur,numConcours) VALUES(89,3);
INSERT INTO ParticipeCompetiteur(numCompetiteur,numConcours) VALUES(90,3);
INSERT INTO ParticipeCompetiteur(numCompetiteur,numConcours) VALUES(15,4);
INSERT INTO ParticipeCompetiteur(numCompetiteur,numConcours) VALUES(16,4);
INSERT INTO ParticipeCompetiteur(numCompetiteur,numConcours) VALUES(17,4);
INSERT INTO ParticipeCompetiteur(numCompetiteur,numConcours) VALUES(18,4);
INSERT INTO ParticipeCompetiteur(numCompetiteur,numConcours) VALUES(19,4);
INSERT INTO ParticipeCompetiteur(numCompetiteur,numConcours) VALUES(20,4);
INSERT INTO ParticipeCompetiteur(numCompetiteur,numConcours) VALUES(25,4);
INSERT INTO ParticipeCompetiteur(numCompetiteur,numConcours) VALUES(26,4);
INSERT INTO ParticipeCompetiteur(numCompetiteur,numConcours) VALUES(27,4);
INSERT INTO ParticipeCompetiteur(numCompetiteur,numConcours) VALUES(28,4);
INSERT INTO ParticipeCompetiteur(numCompetiteur,numConcours) VALUES(29,4);
INSERT INTO ParticipeCompetiteur(numCompetiteur,numConcours) VALUES(30,4);
INSERT INTO ParticipeCompetiteur(numCompetiteur,numConcours) VALUES(65,4);
INSERT INTO ParticipeCompetiteur(numCompetiteur,numConcours) VALUES(66,4);
INSERT INTO ParticipeCompetiteur(numCompetiteur,numConcours) VALUES(67,4);
INSERT INTO ParticipeCompetiteur(numCompetiteur,numConcours) VALUES(68,4);
INSERT INTO ParticipeCompetiteur(numCompetiteur,numConcours) VALUES(69,4);
INSERT INTO ParticipeCompetiteur(numCompetiteur,numConcours) VALUES(70,4);
INSERT INTO ParticipeCompetiteur(numCompetiteur,numConcours) VALUES(75,4);
INSERT INTO ParticipeCompetiteur(numCompetiteur,numConcours) VALUES(76,4);
INSERT INTO ParticipeCompetiteur(numCompetiteur,numConcours) VALUES(77,4);
INSERT INTO ParticipeCompetiteur(numCompetiteur,numConcours) VALUES(78,4);
INSERT INTO ParticipeCompetiteur(numCompetiteur,numConcours) VALUES(79,4);
INSERT INTO ParticipeCompetiteur(numCompetiteur,numConcours) VALUES(80,4);
INSERT INTO ParticipeCompetiteur(numCompetiteur,numConcours) VALUES(95,4);
INSERT INTO ParticipeCompetiteur(numCompetiteur,numConcours) VALUES(96,4);
INSERT INTO ParticipeCompetiteur(numCompetiteur,numConcours) VALUES(97,4);
INSERT INTO ParticipeCompetiteur(numCompetiteur,numConcours) VALUES(98,4);
INSERT INTO ParticipeCompetiteur(numCompetiteur,numConcours) VALUES(99,4);
INSERT INTO ParticipeCompetiteur(numCompetiteur,numConcours) VALUES(100,4);
INSERT INTO ParticipeCompetiteur(numCompetiteur,numConcours) VALUES(115,4);
INSERT INTO ParticipeCompetiteur(numCompetiteur,numConcours) VALUES(116,4);
INSERT INTO ParticipeCompetiteur(numCompetiteur,numConcours) VALUES(117,4);
INSERT INTO ParticipeCompetiteur(numCompetiteur,numConcours) VALUES(118,4);
INSERT INTO ParticipeCompetiteur(numCompetiteur,numConcours) VALUES(119,4);
INSERT INTO ParticipeCompetiteur(numCompetiteur,numConcours) VALUES(120,4);
INSERT INTO ParticipeCompetiteur(numCompetiteur,numConcours) VALUES(165,4);
INSERT INTO ParticipeCompetiteur(numCompetiteur,numConcours) VALUES(166,4);
INSERT INTO ParticipeCompetiteur(numCompetiteur,numConcours) VALUES(167,4);
INSERT INTO ParticipeCompetiteur(numCompetiteur,numConcours) VALUES(168,4);
INSERT INTO ParticipeCompetiteur(numCompetiteur,numConcours) VALUES(169,4);
INSERT INTO ParticipeCompetiteur(numCompetiteur,numConcours) VALUES(170,4);
INSERT INTO ParticipeCompetiteur(numCompetiteur,numConcours) VALUES(175,4);
INSERT INTO ParticipeCompetiteur(numCompetiteur,numConcours) VALUES(176,4);
INSERT INTO ParticipeCompetiteur(numCompetiteur,numConcours) VALUES(177,4);
INSERT INTO ParticipeCompetiteur(numCompetiteur,numConcours) VALUES(178,4);
INSERT INTO ParticipeCompetiteur(numCompetiteur,numConcours) VALUES(179,4);
INSERT INTO ParticipeCompetiteur(numCompetiteur,numConcours) VALUES(180,4);

INSERT INTO Dessin(numDessin,commentaire,classement,dateRemise,leDessin,numCompetiteur,numConcours) VALUES(1,,85,17/01/2023,placeholder,5,1);
INSERT INTO Dessin(numDessin,commentaire,classement,dateRemise,leDessin,numCompetiteur,numConcours) VALUES(2,,135,26/01/2023,placeholder,6,1);
INSERT INTO Dessin(numDessin,commentaire,classement,dateRemise,leDessin,numCompetiteur,numConcours) VALUES(3,,104,09/01/2023,placeholder,7,1);
INSERT INTO Dessin(numDessin,commentaire,classement,dateRemise,leDessin,numCompetiteur,numConcours) VALUES(4,,81,08/01/2023,placeholder,8,1);
INSERT INTO Dessin(numDessin,commentaire,classement,dateRemise,leDessin,numCompetiteur,numConcours) VALUES(5,,60,19/01/2023,placeholder,9,1);
INSERT INTO Dessin(numDessin,commentaire,classement,dateRemise,leDessin,numCompetiteur,numConcours) VALUES(6,,56,23/01/2023,placeholder,10,1);
INSERT INTO Dessin(numDessin,commentaire,classement,dateRemise,leDessin,numCompetiteur,numConcours) VALUES(7,,91,22/01/2023,placeholder,15,1);
INSERT INTO Dessin(numDessin,commentaire,classement,dateRemise,leDessin,numCompetiteur,numConcours) VALUES(8,,118,18/01/2023,placeholder,16,1);
INSERT INTO Dessin(numDessin,commentaire,classement,dateRemise,leDessin,numCompetiteur,numConcours) VALUES(9,,13,12/01/2023,placeholder,17,1);
INSERT INTO Dessin(numDessin,commentaire,classement,dateRemise,leDessin,numCompetiteur,numConcours) VALUES(10,,139,01/01/2023,placeholder,18,1);
INSERT INTO Dessin(numDessin,commentaire,classement,dateRemise,leDessin,numCompetiteur,numConcours) VALUES(11,,141,11/01/2023,placeholder,19,1);
INSERT INTO Dessin(numDessin,commentaire,classement,dateRemise,leDessin,numCompetiteur,numConcours) VALUES(12,,53,05/01/2023,placeholder,20,1);
INSERT INTO Dessin(numDessin,commentaire,classement,dateRemise,leDessin,numCompetiteur,numConcours) VALUES(13,,93,02/01/2023,placeholder,35,1);
INSERT INTO Dessin(numDessin,commentaire,classement,dateRemise,leDessin,numCompetiteur,numConcours) VALUES(14,,117,22/01/2023,placeholder,36,1);
INSERT INTO Dessin(numDessin,commentaire,classement,dateRemise,leDessin,numCompetiteur,numConcours) VALUES(15,,74,25/01/2023,placeholder,37,1);
INSERT INTO Dessin(numDessin,commentaire,classement,dateRemise,leDessin,numCompetiteur,numConcours) VALUES(16,,47,11/01/2023,placeholder,38,1);
INSERT INTO Dessin(numDessin,commentaire,classement,dateRemise,leDessin,numCompetiteur,numConcours) VALUES(17,,143,11/01/2023,placeholder,39,1);
INSERT INTO Dessin(numDessin,commentaire,classement,dateRemise,leDessin,numCompetiteur,numConcours) VALUES(18,,101,17/01/2023,placeholder,40,1);
INSERT INTO Dessin(numDessin,commentaire,classement,dateRemise,leDessin,numCompetiteur,numConcours) VALUES(19,,22,20/01/2023,placeholder,45,1);
INSERT INTO Dessin(numDessin,commentaire,classement,dateRemise,leDessin,numCompetiteur,numConcours) VALUES(20,,46,03/01/2023,placeholder,46,1);
INSERT INTO Dessin(numDessin,commentaire,classement,dateRemise,leDessin,numCompetiteur,numConcours) VALUES(21,,84,17/01/2023,placeholder,47,1);
INSERT INTO Dessin(numDessin,commentaire,classement,dateRemise,leDessin,numCompetiteur,numConcours) VALUES(22,,73,01/01/2023,placeholder,48,1);
INSERT INTO Dessin(numDessin,commentaire,classement,dateRemise,leDessin,numCompetiteur,numConcours) VALUES(23,,116,25/01/2023,placeholder,49,1);
INSERT INTO Dessin(numDessin,commentaire,classement,dateRemise,leDessin,numCompetiteur,numConcours) VALUES(24,,19,14/01/2023,placeholder,50,1);
INSERT INTO Dessin(numDessin,commentaire,classement,dateRemise,leDessin,numCompetiteur,numConcours) VALUES(25,,115,03/01/2023,placeholder,95,1);
INSERT INTO Dessin(numDessin,commentaire,classement,dateRemise,leDessin,numCompetiteur,numConcours) VALUES(26,,144,26/01/2023,placeholder,96,1);
INSERT INTO Dessin(numDessin,commentaire,classement,dateRemise,leDessin,numCompetiteur,numConcours) VALUES(27,,107,10/01/2023,placeholder,97,1);
INSERT INTO Dessin(numDessin,commentaire,classement,dateRemise,leDessin,numCompetiteur,numConcours) VALUES(28,,128,24/01/2023,placeholder,98,1);
INSERT INTO Dessin(numDessin,commentaire,classement,dateRemise,leDessin,numCompetiteur,numConcours) VALUES(29,,111,16/01/2023,placeholder,99,1);
INSERT INTO Dessin(numDessin,commentaire,classement,dateRemise,leDessin,numCompetiteur,numConcours) VALUES(30,,137,08/01/2023,placeholder,100,1);
INSERT INTO Dessin(numDessin,commentaire,classement,dateRemise,leDessin,numCompetiteur,numConcours) VALUES(31,,45,24/01/2023,placeholder,105,1);
INSERT INTO Dessin(numDessin,commentaire,classement,dateRemise,leDessin,numCompetiteur,numConcours) VALUES(32,,32,13/01/2023,placeholder,106,1);
INSERT INTO Dessin(numDessin,commentaire,classement,dateRemise,leDessin,numCompetiteur,numConcours) VALUES(33,,30,12/01/2023,placeholder,107,1);
INSERT INTO Dessin(numDessin,commentaire,classement,dateRemise,leDessin,numCompetiteur,numConcours) VALUES(34,,42,18/01/2023,placeholder,108,1);
INSERT INTO Dessin(numDessin,commentaire,classement,dateRemise,leDessin,numCompetiteur,numConcours) VALUES(35,,26,23/01/2023,placeholder,109,1);
INSERT INTO Dessin(numDessin,commentaire,classement,dateRemise,leDessin,numCompetiteur,numConcours) VALUES(36,,106,20/01/2023,placeholder,110,1);
INSERT INTO Dessin(numDessin,commentaire,classement,dateRemise,leDessin,numCompetiteur,numConcours) VALUES(37,,87,01/01/2023,placeholder,125,1);
INSERT INTO Dessin(numDessin,commentaire,classement,dateRemise,leDessin,numCompetiteur,numConcours) VALUES(38,,10,23/01/2023,placeholder,126,1);
INSERT INTO Dessin(numDessin,commentaire,classement,dateRemise,leDessin,numCompetiteur,numConcours) VALUES(39,,92,21/01/2023,placeholder,127,1);
INSERT INTO Dessin(numDessin,commentaire,classement,dateRemise,leDessin,numCompetiteur,numConcours) VALUES(40,,96,09/01/2023,placeholder,128,1);
INSERT INTO Dessin(numDessin,commentaire,classement,dateRemise,leDessin,numCompetiteur,numConcours) VALUES(41,,112,02/01/2023,placeholder,129,1);
INSERT INTO Dessin(numDessin,commentaire,classement,dateRemise,leDessin,numCompetiteur,numConcours) VALUES(42,,50,07/01/2023,placeholder,130,1);
INSERT INTO Dessin(numDessin,commentaire,classement,dateRemise,leDessin,numCompetiteur,numConcours) VALUES(43,,77,04/01/2023,placeholder,135,1);
INSERT INTO Dessin(numDessin,commentaire,classement,dateRemise,leDessin,numCompetiteur,numConcours) VALUES(44,,94,04/01/2023,placeholder,136,1);
INSERT INTO Dessin(numDessin,commentaire,classement,dateRemise,leDessin,numCompetiteur,numConcours) VALUES(45,,20,13/01/2023,placeholder,137,1);
INSERT INTO Dessin(numDessin,commentaire,classement,dateRemise,leDessin,numCompetiteur,numConcours) VALUES(46,,83,11/01/2023,placeholder,138,1);
INSERT INTO Dessin(numDessin,commentaire,classement,dateRemise,leDessin,numCompetiteur,numConcours) VALUES(47,,1,13/01/2023,placeholder,139,1);
INSERT INTO Dessin(numDessin,commentaire,classement,dateRemise,leDessin,numCompetiteur,numConcours) VALUES(48,,136,03/01/2023,placeholder,140,1);
INSERT INTO Dessin(numDessin,commentaire,classement,dateRemise,leDessin,numCompetiteur,numConcours) VALUES(49,,132,02/01/2023,placeholder,5,1);
INSERT INTO Dessin(numDessin,commentaire,classement,dateRemise,leDessin,numCompetiteur,numConcours) VALUES(50,,61,06/01/2023,placeholder,6,1);
INSERT INTO Dessin(numDessin,commentaire,classement,dateRemise,leDessin,numCompetiteur,numConcours) VALUES(51,,89,05/01/2023,placeholder,7,1);
INSERT INTO Dessin(numDessin,commentaire,classement,dateRemise,leDessin,numCompetiteur,numConcours) VALUES(52,,23,02/01/2023,placeholder,8,1);
INSERT INTO Dessin(numDessin,commentaire,classement,dateRemise,leDessin,numCompetiteur,numConcours) VALUES(53,,109,12/01/2023,placeholder,9,1);
INSERT INTO Dessin(numDessin,commentaire,classement,dateRemise,leDessin,numCompetiteur,numConcours) VALUES(54,,59,01/01/2023,placeholder,10,1);
INSERT INTO Dessin(numDessin,commentaire,classement,dateRemise,leDessin,numCompetiteur,numConcours) VALUES(55,,124,21/01/2023,placeholder,15,1);
INSERT INTO Dessin(numDessin,commentaire,classement,dateRemise,leDessin,numCompetiteur,numConcours) VALUES(56,,64,25/01/2023,placeholder,16,1);
INSERT INTO Dessin(numDessin,commentaire,classement,dateRemise,leDessin,numCompetiteur,numConcours) VALUES(57,,95,11/01/2023,placeholder,17,1);
INSERT INTO Dessin(numDessin,commentaire,classement,dateRemise,leDessin,numCompetiteur,numConcours) VALUES(58,,14,22/01/2023,placeholder,18,1);
INSERT INTO Dessin(numDessin,commentaire,classement,dateRemise,leDessin,numCompetiteur,numConcours) VALUES(59,,29,05/01/2023,placeholder,19,1);
INSERT INTO Dessin(numDessin,commentaire,classement,dateRemise,leDessin,numCompetiteur,numConcours) VALUES(60,,71,04/01/2023,placeholder,20,1);
INSERT INTO Dessin(numDessin,commentaire,classement,dateRemise,leDessin,numCompetiteur,numConcours) VALUES(61,,113,10/01/2023,placeholder,35,1);
INSERT INTO Dessin(numDessin,commentaire,classement,dateRemise,leDessin,numCompetiteur,numConcours) VALUES(62,,70,13/01/2023,placeholder,36,1);
INSERT INTO Dessin(numDessin,commentaire,classement,dateRemise,leDessin,numCompetiteur,numConcours) VALUES(63,,41,17/01/2023,placeholder,37,1);
INSERT INTO Dessin(numDessin,commentaire,classement,dateRemise,leDessin,numCompetiteur,numConcours) VALUES(64,,12,20/01/2023,placeholder,38,1);
INSERT INTO Dessin(numDessin,commentaire,classement,dateRemise,leDessin,numCompetiteur,numConcours) VALUES(65,,122,03/01/2023,placeholder,39,1);
INSERT INTO Dessin(numDessin,commentaire,classement,dateRemise,leDessin,numCompetiteur,numConcours) VALUES(66,,72,09/01/2023,placeholder,40,1);
INSERT INTO Dessin(numDessin,commentaire,classement,dateRemise,leDessin,numCompetiteur,numConcours) VALUES(67,,3,23/01/2023,placeholder,45,1);
INSERT INTO Dessin(numDessin,commentaire,classement,dateRemise,leDessin,numCompetiteur,numConcours) VALUES(68,,119,10/01/2023,placeholder,46,1);
INSERT INTO Dessin(numDessin,commentaire,classement,dateRemise,leDessin,numCompetiteur,numConcours) VALUES(69,,63,25/01/2023,placeholder,47,1);
INSERT INTO Dessin(numDessin,commentaire,classement,dateRemise,leDessin,numCompetiteur,numConcours) VALUES(70,,88,15/01/2023,placeholder,48,1);
INSERT INTO Dessin(numDessin,commentaire,classement,dateRemise,leDessin,numCompetiteur,numConcours) VALUES(71,,43,10/01/2023,placeholder,49,1);
INSERT INTO Dessin(numDessin,commentaire,classement,dateRemise,leDessin,numCompetiteur,numConcours) VALUES(72,,54,04/01/2023,placeholder,50,1);
INSERT INTO Dessin(numDessin,commentaire,classement,dateRemise,leDessin,numCompetiteur,numConcours) VALUES(73,,18,15/01/2023,placeholder,95,1);
INSERT INTO Dessin(numDessin,commentaire,classement,dateRemise,leDessin,numCompetiteur,numConcours) VALUES(74,,98,05/01/2023,placeholder,96,1);
INSERT INTO Dessin(numDessin,commentaire,classement,dateRemise,leDessin,numCompetiteur,numConcours) VALUES(75,,31,09/01/2023,placeholder,97,1);
INSERT INTO Dessin(numDessin,commentaire,classement,dateRemise,leDessin,numCompetiteur,numConcours) VALUES(76,,4,19/01/2023,placeholder,98,1);
INSERT INTO Dessin(numDessin,commentaire,classement,dateRemise,leDessin,numCompetiteur,numConcours) VALUES(77,,120,25/01/2023,placeholder,99,1);
INSERT INTO Dessin(numDessin,commentaire,classement,dateRemise,leDessin,numCompetiteur,numConcours) VALUES(78,,17,20/01/2023,placeholder,100,1);
INSERT INTO Dessin(numDessin,commentaire,classement,dateRemise,leDessin,numCompetiteur,numConcours) VALUES(79,,69,19/01/2023,placeholder,105,1);
INSERT INTO Dessin(numDessin,commentaire,classement,dateRemise,leDessin,numCompetiteur,numConcours) VALUES(80,,15,07/01/2023,placeholder,106,1);
INSERT INTO Dessin(numDessin,commentaire,classement,dateRemise,leDessin,numCompetiteur,numConcours) VALUES(81,,65,02/01/2023,placeholder,107,1);
INSERT INTO Dessin(numDessin,commentaire,classement,dateRemise,leDessin,numCompetiteur,numConcours) VALUES(82,,55,08/01/2023,placeholder,108,1);
INSERT INTO Dessin(numDessin,commentaire,classement,dateRemise,leDessin,numCompetiteur,numConcours) VALUES(83,,138,21/01/2023,placeholder,109,1);
INSERT INTO Dessin(numDessin,commentaire,classement,dateRemise,leDessin,numCompetiteur,numConcours) VALUES(84,,78,23/01/2023,placeholder,110,1);
INSERT INTO Dessin(numDessin,commentaire,classement,dateRemise,leDessin,numCompetiteur,numConcours) VALUES(85,,25,21/01/2023,placeholder,125,1);
INSERT INTO Dessin(numDessin,commentaire,classement,dateRemise,leDessin,numCompetiteur,numConcours) VALUES(86,,52,14/01/2023,placeholder,126,1);
INSERT INTO Dessin(numDessin,commentaire,classement,dateRemise,leDessin,numCompetiteur,numConcours) VALUES(87,,37,21/01/2023,placeholder,127,1);
INSERT INTO Dessin(numDessin,commentaire,classement,dateRemise,leDessin,numCompetiteur,numConcours) VALUES(88,,9,13/01/2023,placeholder,128,1);
INSERT INTO Dessin(numDessin,commentaire,classement,dateRemise,leDessin,numCompetiteur,numConcours) VALUES(89,,51,23/01/2023,placeholder,129,1);
INSERT INTO Dessin(numDessin,commentaire,classement,dateRemise,leDessin,numCompetiteur,numConcours) VALUES(90,,5,22/01/2023,placeholder,130,1);
INSERT INTO Dessin(numDessin,commentaire,classement,dateRemise,leDessin,numCompetiteur,numConcours) VALUES(91,,121,05/01/2023,placeholder,135,1);
INSERT INTO Dessin(numDessin,commentaire,classement,dateRemise,leDessin,numCompetiteur,numConcours) VALUES(92,,49,06/01/2023,placeholder,136,1);
INSERT INTO Dessin(numDessin,commentaire,classement,dateRemise,leDessin,numCompetiteur,numConcours) VALUES(93,,108,04/01/2023,placeholder,137,1);
INSERT INTO Dessin(numDessin,commentaire,classement,dateRemise,leDessin,numCompetiteur,numConcours) VALUES(94,,142,24/01/2023,placeholder,138,1);
INSERT INTO Dessin(numDessin,commentaire,classement,dateRemise,leDessin,numCompetiteur,numConcours) VALUES(95,,126,12/01/2023,placeholder,139,1);
INSERT INTO Dessin(numDessin,commentaire,classement,dateRemise,leDessin,numCompetiteur,numConcours) VALUES(96,,82,22/01/2023,placeholder,140,1);
INSERT INTO Dessin(numDessin,commentaire,classement,dateRemise,leDessin,numCompetiteur,numConcours) VALUES(97,,58,17/01/2023,placeholder,5,1);
INSERT INTO Dessin(numDessin,commentaire,classement,dateRemise,leDessin,numCompetiteur,numConcours) VALUES(98,,66,03/01/2023,placeholder,6,1);
INSERT INTO Dessin(numDessin,commentaire,classement,dateRemise,leDessin,numCompetiteur,numConcours) VALUES(99,,24,11/01/2023,placeholder,7,1);
INSERT INTO Dessin(numDessin,commentaire,classement,dateRemise,leDessin,numCompetiteur,numConcours) VALUES(100,,35,19/01/2023,placeholder,8,1);
INSERT INTO Dessin(numDessin,commentaire,classement,dateRemise,leDessin,numCompetiteur,numConcours) VALUES(101,,75,11/01/2023,placeholder,9,1);
INSERT INTO Dessin(numDessin,commentaire,classement,dateRemise,leDessin,numCompetiteur,numConcours) VALUES(102,,133,05/01/2023,placeholder,10,1);
INSERT INTO Dessin(numDessin,commentaire,classement,dateRemise,leDessin,numCompetiteur,numConcours) VALUES(103,,110,20/01/2023,placeholder,15,1);
INSERT INTO Dessin(numDessin,commentaire,classement,dateRemise,leDessin,numCompetiteur,numConcours) VALUES(104,,79,10/01/2023,placeholder,16,1);
INSERT INTO Dessin(numDessin,commentaire,classement,dateRemise,leDessin,numCompetiteur,numConcours) VALUES(105,,99,07/01/2023,placeholder,17,1);
INSERT INTO Dessin(numDessin,commentaire,classement,dateRemise,leDessin,numCompetiteur,numConcours) VALUES(106,,131,06/01/2023,placeholder,18,1);
INSERT INTO Dessin(numDessin,commentaire,classement,dateRemise,leDessin,numCompetiteur,numConcours) VALUES(107,,130,25/01/2023,placeholder,19,1);
INSERT INTO Dessin(numDessin,commentaire,classement,dateRemise,leDessin,numCompetiteur,numConcours) VALUES(108,,48,21/01/2023,placeholder,20,1);
INSERT INTO Dessin(numDessin,commentaire,classement,dateRemise,leDessin,numCompetiteur,numConcours) VALUES(109,,68,17/01/2023,placeholder,35,1);
INSERT INTO Dessin(numDessin,commentaire,classement,dateRemise,leDessin,numCompetiteur,numConcours) VALUES(110,,8,17/01/2023,placeholder,36,1);
INSERT INTO Dessin(numDessin,commentaire,classement,dateRemise,leDessin,numCompetiteur,numConcours) VALUES(111,,57,05/01/2023,placeholder,37,1);
INSERT INTO Dessin(numDessin,commentaire,classement,dateRemise,leDessin,numCompetiteur,numConcours) VALUES(112,,36,17/01/2023,placeholder,38,1);
INSERT INTO Dessin(numDessin,commentaire,classement,dateRemise,leDessin,numCompetiteur,numConcours) VALUES(113,,86,01/01/2023,placeholder,39,1);
INSERT INTO Dessin(numDessin,commentaire,classement,dateRemise,leDessin,numCompetiteur,numConcours) VALUES(114,,2,11/01/2023,placeholder,40,1);
INSERT INTO Dessin(numDessin,commentaire,classement,dateRemise,leDessin,numCompetiteur,numConcours) VALUES(115,,67,15/01/2023,placeholder,45,1);
INSERT INTO Dessin(numDessin,commentaire,classement,dateRemise,leDessin,numCompetiteur,numConcours) VALUES(116,,127,15/01/2023,placeholder,46,1);
INSERT INTO Dessin(numDessin,commentaire,classement,dateRemise,leDessin,numCompetiteur,numConcours) VALUES(117,,16,17/01/2023,placeholder,47,1);
INSERT INTO Dessin(numDessin,commentaire,classement,dateRemise,leDessin,numCompetiteur,numConcours) VALUES(118,,28,09/01/2023,placeholder,48,1);
INSERT INTO Dessin(numDessin,commentaire,classement,dateRemise,leDessin,numCompetiteur,numConcours) VALUES(119,,62,01/01/2023,placeholder,49,1);
INSERT INTO Dessin(numDessin,commentaire,classement,dateRemise,leDessin,numCompetiteur,numConcours) VALUES(120,,21,15/01/2023,placeholder,50,1);
INSERT INTO Dessin(numDessin,commentaire,classement,dateRemise,leDessin,numCompetiteur,numConcours) VALUES(121,,103,05/01/2023,placeholder,95,1);
INSERT INTO Dessin(numDessin,commentaire,classement,dateRemise,leDessin,numCompetiteur,numConcours) VALUES(122,,11,11/01/2023,placeholder,96,1);
INSERT INTO Dessin(numDessin,commentaire,classement,dateRemise,leDessin,numCompetiteur,numConcours) VALUES(123,,134,24/01/2023,placeholder,97,1);
INSERT INTO Dessin(numDessin,commentaire,classement,dateRemise,leDessin,numCompetiteur,numConcours) VALUES(124,,123,09/01/2023,placeholder,98,1);
INSERT INTO Dessin(numDessin,commentaire,classement,dateRemise,leDessin,numCompetiteur,numConcours) VALUES(125,,125,25/01/2023,placeholder,99,1);
INSERT INTO Dessin(numDessin,commentaire,classement,dateRemise,leDessin,numCompetiteur,numConcours) VALUES(126,,33,15/01/2023,placeholder,100,1);
INSERT INTO Dessin(numDessin,commentaire,classement,dateRemise,leDessin,numCompetiteur,numConcours) VALUES(127,,34,06/01/2023,placeholder,105,1);
INSERT INTO Dessin(numDessin,commentaire,classement,dateRemise,leDessin,numCompetiteur,numConcours) VALUES(128,,140,24/01/2023,placeholder,106,1);
INSERT INTO Dessin(numDessin,commentaire,classement,dateRemise,leDessin,numCompetiteur,numConcours) VALUES(129,,76,12/01/2023,placeholder,107,1);
INSERT INTO Dessin(numDessin,commentaire,classement,dateRemise,leDessin,numCompetiteur,numConcours) VALUES(130,,39,15/01/2023,placeholder,108,1);
INSERT INTO Dessin(numDessin,commentaire,classement,dateRemise,leDessin,numCompetiteur,numConcours) VALUES(131,,100,26/01/2023,placeholder,109,1);
INSERT INTO Dessin(numDessin,commentaire,classement,dateRemise,leDessin,numCompetiteur,numConcours) VALUES(132,,129,24/01/2023,placeholder,110,1);
INSERT INTO Dessin(numDessin,commentaire,classement,dateRemise,leDessin,numCompetiteur,numConcours) VALUES(133,,90,24/01/2023,placeholder,125,1);
INSERT INTO Dessin(numDessin,commentaire,classement,dateRemise,leDessin,numCompetiteur,numConcours) VALUES(134,,44,19/01/2023,placeholder,126,1);
INSERT INTO Dessin(numDessin,commentaire,classement,dateRemise,leDessin,numCompetiteur,numConcours) VALUES(135,,80,06/01/2023,placeholder,127,1);
INSERT INTO Dessin(numDessin,commentaire,classement,dateRemise,leDessin,numCompetiteur,numConcours) VALUES(136,,114,23/01/2023,placeholder,128,1);
INSERT INTO Dessin(numDessin,commentaire,classement,dateRemise,leDessin,numCompetiteur,numConcours) VALUES(137,,97,26/01/2023,placeholder,129,1);
INSERT INTO Dessin(numDessin,commentaire,classement,dateRemise,leDessin,numCompetiteur,numConcours) VALUES(138,,27,10/01/2023,placeholder,130,1);
INSERT INTO Dessin(numDessin,commentaire,classement,dateRemise,leDessin,numCompetiteur,numConcours) VALUES(139,,38,17/01/2023,placeholder,135,1);
INSERT INTO Dessin(numDessin,commentaire,classement,dateRemise,leDessin,numCompetiteur,numConcours) VALUES(140,,105,19/01/2023,placeholder,136,1);
INSERT INTO Dessin(numDessin,commentaire,classement,dateRemise,leDessin,numCompetiteur,numConcours) VALUES(141,,7,22/01/2023,placeholder,137,1);
INSERT INTO Dessin(numDessin,commentaire,classement,dateRemise,leDessin,numCompetiteur,numConcours) VALUES(142,,102,04/01/2023,placeholder,138,1);
INSERT INTO Dessin(numDessin,commentaire,classement,dateRemise,leDessin,numCompetiteur,numConcours) VALUES(143,,6,22/01/2023,placeholder,139,1);
INSERT INTO Dessin(numDessin,commentaire,classement,dateRemise,leDessin,numCompetiteur,numConcours) VALUES(144,,40,13/01/2023,placeholder,140,1);
INSERT INTO Dessin(numDessin,commentaire,classement,dateRemise,leDessin,numCompetiteur,numConcours) VALUES(145,,,16/04/2023,placeholder,135,2);
INSERT INTO Dessin(numDessin,commentaire,classement,dateRemise,leDessin,numCompetiteur,numConcours) VALUES(146,,,13/04/2023,placeholder,136,2);
INSERT INTO Dessin(numDessin,commentaire,classement,dateRemise,leDessin,numCompetiteur,numConcours) VALUES(147,,,24/04/2023,placeholder,137,2);
INSERT INTO Dessin(numDessin,commentaire,classement,dateRemise,leDessin,numCompetiteur,numConcours) VALUES(148,,,04/04/2023,placeholder,138,2);
INSERT INTO Dessin(numDessin,commentaire,classement,dateRemise,leDessin,numCompetiteur,numConcours) VALUES(149,,,17/04/2023,placeholder,139,2);
INSERT INTO Dessin(numDessin,commentaire,classement,dateRemise,leDessin,numCompetiteur,numConcours) VALUES(150,,,25/04/2023,placeholder,140,2);
INSERT INTO Dessin(numDessin,commentaire,classement,dateRemise,leDessin,numCompetiteur,numConcours) VALUES(151,,,08/04/2023,placeholder,145,2);
INSERT INTO Dessin(numDessin,commentaire,classement,dateRemise,leDessin,numCompetiteur,numConcours) VALUES(152,,,25/04/2023,placeholder,146,2);
INSERT INTO Dessin(numDessin,commentaire,classement,dateRemise,leDessin,numCompetiteur,numConcours) VALUES(153,,,15/04/2023,placeholder,147,2);
INSERT INTO Dessin(numDessin,commentaire,classement,dateRemise,leDessin,numCompetiteur,numConcours) VALUES(154,,,16/04/2023,placeholder,148,2);
INSERT INTO Dessin(numDessin,commentaire,classement,dateRemise,leDessin,numCompetiteur,numConcours) VALUES(155,,,14/04/2023,placeholder,149,2);
INSERT INTO Dessin(numDessin,commentaire,classement,dateRemise,leDessin,numCompetiteur,numConcours) VALUES(156,,,03/04/2023,placeholder,150,2);
INSERT INTO Dessin(numDessin,commentaire,classement,dateRemise,leDessin,numCompetiteur,numConcours) VALUES(157,,,08/04/2023,placeholder,155,2);
INSERT INTO Dessin(numDessin,commentaire,classement,dateRemise,leDessin,numCompetiteur,numConcours) VALUES(158,,,04/04/2023,placeholder,156,2);
INSERT INTO Dessin(numDessin,commentaire,classement,dateRemise,leDessin,numCompetiteur,numConcours) VALUES(159,,,23/04/2023,placeholder,157,2);
INSERT INTO Dessin(numDessin,commentaire,classement,dateRemise,leDessin,numCompetiteur,numConcours) VALUES(160,,,04/04/2023,placeholder,158,2);
INSERT INTO Dessin(numDessin,commentaire,classement,dateRemise,leDessin,numCompetiteur,numConcours) VALUES(161,,,08/04/2023,placeholder,159,2);
INSERT INTO Dessin(numDessin,commentaire,classement,dateRemise,leDessin,numCompetiteur,numConcours) VALUES(162,,,03/04/2023,placeholder,160,2);
INSERT INTO Dessin(numDessin,commentaire,classement,dateRemise,leDessin,numCompetiteur,numConcours) VALUES(163,,,07/04/2023,placeholder,165,2);
INSERT INTO Dessin(numDessin,commentaire,classement,dateRemise,leDessin,numCompetiteur,numConcours) VALUES(164,,,02/04/2023,placeholder,166,2);
INSERT INTO Dessin(numDessin,commentaire,classement,dateRemise,leDessin,numCompetiteur,numConcours) VALUES(165,,,06/04/2023,placeholder,167,2);
INSERT INTO Dessin(numDessin,commentaire,classement,dateRemise,leDessin,numCompetiteur,numConcours) VALUES(166,,,23/04/2023,placeholder,168,2);
INSERT INTO Dessin(numDessin,commentaire,classement,dateRemise,leDessin,numCompetiteur,numConcours) VALUES(167,,,10/04/2023,placeholder,169,2);
INSERT INTO Dessin(numDessin,commentaire,classement,dateRemise,leDessin,numCompetiteur,numConcours) VALUES(168,,,16/04/2023,placeholder,170,2);
INSERT INTO Dessin(numDessin,commentaire,classement,dateRemise,leDessin,numCompetiteur,numConcours) VALUES(169,,,03/04/2023,placeholder,185,2);
INSERT INTO Dessin(numDessin,commentaire,classement,dateRemise,leDessin,numCompetiteur,numConcours) VALUES(170,,,12/04/2023,placeholder,186,2);
INSERT INTO Dessin(numDessin,commentaire,classement,dateRemise,leDessin,numCompetiteur,numConcours) VALUES(171,,,10/04/2023,placeholder,187,2);
INSERT INTO Dessin(numDessin,commentaire,classement,dateRemise,leDessin,numCompetiteur,numConcours) VALUES(172,,,07/04/2023,placeholder,188,2);
INSERT INTO Dessin(numDessin,commentaire,classement,dateRemise,leDessin,numCompetiteur,numConcours) VALUES(173,,,19/04/2023,placeholder,189,2);
INSERT INTO Dessin(numDessin,commentaire,classement,dateRemise,leDessin,numCompetiteur,numConcours) VALUES(174,,,21/04/2023,placeholder,190,2);
INSERT INTO Dessin(numDessin,commentaire,classement,dateRemise,leDessin,numCompetiteur,numConcours) VALUES(175,,,06/04/2023,placeholder,195,2);
INSERT INTO Dessin(numDessin,commentaire,classement,dateRemise,leDessin,numCompetiteur,numConcours) VALUES(176,,,26/04/2023,placeholder,196,2);
INSERT INTO Dessin(numDessin,commentaire,classement,dateRemise,leDessin,numCompetiteur,numConcours) VALUES(177,,,01/04/2023,placeholder,197,2);
INSERT INTO Dessin(numDessin,commentaire,classement,dateRemise,leDessin,numCompetiteur,numConcours) VALUES(178,,,02/04/2023,placeholder,198,2);
INSERT INTO Dessin(numDessin,commentaire,classement,dateRemise,leDessin,numCompetiteur,numConcours) VALUES(179,,,26/04/2023,placeholder,199,2);
INSERT INTO Dessin(numDessin,commentaire,classement,dateRemise,leDessin,numCompetiteur,numConcours) VALUES(180,,,02/04/2023,placeholder,200,2);
INSERT INTO Dessin(numDessin,commentaire,classement,dateRemise,leDessin,numCompetiteur,numConcours) VALUES(181,,,13/04/2023,placeholder,215,2);
INSERT INTO Dessin(numDessin,commentaire,classement,dateRemise,leDessin,numCompetiteur,numConcours) VALUES(182,,,19/04/2023,placeholder,216,2);
INSERT INTO Dessin(numDessin,commentaire,classement,dateRemise,leDessin,numCompetiteur,numConcours) VALUES(183,,,05/04/2023,placeholder,217,2);
INSERT INTO Dessin(numDessin,commentaire,classement,dateRemise,leDessin,numCompetiteur,numConcours) VALUES(184,,,08/04/2023,placeholder,218,2);
INSERT INTO Dessin(numDessin,commentaire,classement,dateRemise,leDessin,numCompetiteur,numConcours) VALUES(185,,,11/04/2023,placeholder,219,2);
INSERT INTO Dessin(numDessin,commentaire,classement,dateRemise,leDessin,numCompetiteur,numConcours) VALUES(186,,,08/04/2023,placeholder,220,2);
INSERT INTO Dessin(numDessin,commentaire,classement,dateRemise,leDessin,numCompetiteur,numConcours) VALUES(187,,,26/04/2023,placeholder,225,2);
INSERT INTO Dessin(numDessin,commentaire,classement,dateRemise,leDessin,numCompetiteur,numConcours) VALUES(188,,,18/04/2023,placeholder,226,2);
INSERT INTO Dessin(numDessin,commentaire,classement,dateRemise,leDessin,numCompetiteur,numConcours) VALUES(189,,,21/04/2023,placeholder,227,2);
INSERT INTO Dessin(numDessin,commentaire,classement,dateRemise,leDessin,numCompetiteur,numConcours) VALUES(190,,,20/04/2023,placeholder,228,2);
INSERT INTO Dessin(numDessin,commentaire,classement,dateRemise,leDessin,numCompetiteur,numConcours) VALUES(191,,,03/04/2023,placeholder,229,2);
INSERT INTO Dessin(numDessin,commentaire,classement,dateRemise,leDessin,numCompetiteur,numConcours) VALUES(192,,,24/04/2023,placeholder,230,2);
INSERT INTO Dessin(numDessin,commentaire,classement,dateRemise,leDessin,numCompetiteur,numConcours) VALUES(193,,,16/04/2023,placeholder,135,2);
INSERT INTO Dessin(numDessin,commentaire,classement,dateRemise,leDessin,numCompetiteur,numConcours) VALUES(194,,,22/04/2023,placeholder,136,2);
INSERT INTO Dessin(numDessin,commentaire,classement,dateRemise,leDessin,numCompetiteur,numConcours) VALUES(195,,,04/04/2023,placeholder,137,2);
INSERT INTO Dessin(numDessin,commentaire,classement,dateRemise,leDessin,numCompetiteur,numConcours) VALUES(196,,,04/04/2023,placeholder,138,2);
INSERT INTO Dessin(numDessin,commentaire,classement,dateRemise,leDessin,numCompetiteur,numConcours) VALUES(197,,,25/04/2023,placeholder,139,2);
INSERT INTO Dessin(numDessin,commentaire,classement,dateRemise,leDessin,numCompetiteur,numConcours) VALUES(198,,,26/04/2023,placeholder,140,2);
INSERT INTO Dessin(numDessin,commentaire,classement,dateRemise,leDessin,numCompetiteur,numConcours) VALUES(199,,,21/04/2023,placeholder,145,2);
INSERT INTO Dessin(numDessin,commentaire,classement,dateRemise,leDessin,numCompetiteur,numConcours) VALUES(200,,,22/04/2023,placeholder,146,2);
INSERT INTO Dessin(numDessin,commentaire,classement,dateRemise,leDessin,numCompetiteur,numConcours) VALUES(201,,,10/04/2023,placeholder,147,2);
INSERT INTO Dessin(numDessin,commentaire,classement,dateRemise,leDessin,numCompetiteur,numConcours) VALUES(202,,,21/04/2023,placeholder,148,2);
INSERT INTO Dessin(numDessin,commentaire,classement,dateRemise,leDessin,numCompetiteur,numConcours) VALUES(203,,,06/04/2023,placeholder,149,2);
INSERT INTO Dessin(numDessin,commentaire,classement,dateRemise,leDessin,numCompetiteur,numConcours) VALUES(204,,,16/04/2023,placeholder,150,2);
INSERT INTO Dessin(numDessin,commentaire,classement,dateRemise,leDessin,numCompetiteur,numConcours) VALUES(205,,,15/04/2023,placeholder,155,2);
INSERT INTO Dessin(numDessin,commentaire,classement,dateRemise,leDessin,numCompetiteur,numConcours) VALUES(206,,,19/04/2023,placeholder,156,2);
INSERT INTO Dessin(numDessin,commentaire,classement,dateRemise,leDessin,numCompetiteur,numConcours) VALUES(207,,,23/04/2023,placeholder,157,2);
INSERT INTO Dessin(numDessin,commentaire,classement,dateRemise,leDessin,numCompetiteur,numConcours) VALUES(208,,,02/04/2023,placeholder,158,2);
INSERT INTO Dessin(numDessin,commentaire,classement,dateRemise,leDessin,numCompetiteur,numConcours) VALUES(209,,,03/04/2023,placeholder,159,2);
INSERT INTO Dessin(numDessin,commentaire,classement,dateRemise,leDessin,numCompetiteur,numConcours) VALUES(210,,,22/04/2023,placeholder,160,2);
INSERT INTO Dessin(numDessin,commentaire,classement,dateRemise,leDessin,numCompetiteur,numConcours) VALUES(211,,,17/04/2023,placeholder,165,2);
INSERT INTO Dessin(numDessin,commentaire,classement,dateRemise,leDessin,numCompetiteur,numConcours) VALUES(212,,,09/04/2023,placeholder,166,2);
INSERT INTO Dessin(numDessin,commentaire,classement,dateRemise,leDessin,numCompetiteur,numConcours) VALUES(213,,,22/04/2023,placeholder,167,2);
INSERT INTO Dessin(numDessin,commentaire,classement,dateRemise,leDessin,numCompetiteur,numConcours) VALUES(214,,,18/04/2023,placeholder,168,2);
INSERT INTO Dessin(numDessin,commentaire,classement,dateRemise,leDessin,numCompetiteur,numConcours) VALUES(215,,,04/04/2023,placeholder,169,2);
INSERT INTO Dessin(numDessin,commentaire,classement,dateRemise,leDessin,numCompetiteur,numConcours) VALUES(216,,,11/04/2023,placeholder,170,2);
INSERT INTO Dessin(numDessin,commentaire,classement,dateRemise,leDessin,numCompetiteur,numConcours) VALUES(217,,,22/04/2023,placeholder,185,2);
INSERT INTO Dessin(numDessin,commentaire,classement,dateRemise,leDessin,numCompetiteur,numConcours) VALUES(218,,,06/04/2023,placeholder,186,2);
INSERT INTO Dessin(numDessin,commentaire,classement,dateRemise,leDessin,numCompetiteur,numConcours) VALUES(219,,,19/04/2023,placeholder,187,2);
INSERT INTO Dessin(numDessin,commentaire,classement,dateRemise,leDessin,numCompetiteur,numConcours) VALUES(220,,,24/04/2023,placeholder,188,2);
INSERT INTO Dessin(numDessin,commentaire,classement,dateRemise,leDessin,numCompetiteur,numConcours) VALUES(221,,,23/04/2023,placeholder,189,2);
INSERT INTO Dessin(numDessin,commentaire,classement,dateRemise,leDessin,numCompetiteur,numConcours) VALUES(222,,,19/04/2023,placeholder,190,2);
INSERT INTO Dessin(numDessin,commentaire,classement,dateRemise,leDessin,numCompetiteur,numConcours) VALUES(223,,,17/04/2023,placeholder,195,2);
INSERT INTO Dessin(numDessin,commentaire,classement,dateRemise,leDessin,numCompetiteur,numConcours) VALUES(224,,,04/04/2023,placeholder,196,2);
INSERT INTO Dessin(numDessin,commentaire,classement,dateRemise,leDessin,numCompetiteur,numConcours) VALUES(225,,,05/04/2023,placeholder,197,2);
INSERT INTO Dessin(numDessin,commentaire,classement,dateRemise,leDessin,numCompetiteur,numConcours) VALUES(226,,,15/04/2023,placeholder,198,2);
INSERT INTO Dessin(numDessin,commentaire,classement,dateRemise,leDessin,numCompetiteur,numConcours) VALUES(227,,,08/04/2023,placeholder,199,2);
INSERT INTO Dessin(numDessin,commentaire,classement,dateRemise,leDessin,numCompetiteur,numConcours) VALUES(228,,,25/04/2023,placeholder,200,2);
INSERT INTO Dessin(numDessin,commentaire,classement,dateRemise,leDessin,numCompetiteur,numConcours) VALUES(229,,,18/04/2023,placeholder,215,2);
INSERT INTO Dessin(numDessin,commentaire,classement,dateRemise,leDessin,numCompetiteur,numConcours) VALUES(230,,,04/04/2023,placeholder,216,2);
INSERT INTO Dessin(numDessin,commentaire,classement,dateRemise,leDessin,numCompetiteur,numConcours) VALUES(231,,,19/04/2023,placeholder,217,2);
INSERT INTO Dessin(numDessin,commentaire,classement,dateRemise,leDessin,numCompetiteur,numConcours) VALUES(232,,,24/04/2023,placeholder,218,2);
INSERT INTO Dessin(numDessin,commentaire,classement,dateRemise,leDessin,numCompetiteur,numConcours) VALUES(233,,,15/04/2023,placeholder,219,2);
INSERT INTO Dessin(numDessin,commentaire,classement,dateRemise,leDessin,numCompetiteur,numConcours) VALUES(234,,,26/04/2023,placeholder,220,2);
INSERT INTO Dessin(numDessin,commentaire,classement,dateRemise,leDessin,numCompetiteur,numConcours) VALUES(235,,,23/04/2023,placeholder,225,2);
INSERT INTO Dessin(numDessin,commentaire,classement,dateRemise,leDessin,numCompetiteur,numConcours) VALUES(236,,,23/04/2023,placeholder,226,2);
INSERT INTO Dessin(numDessin,commentaire,classement,dateRemise,leDessin,numCompetiteur,numConcours) VALUES(237,,,20/04/2023,placeholder,227,2);
INSERT INTO Dessin(numDessin,commentaire,classement,dateRemise,leDessin,numCompetiteur,numConcours) VALUES(238,,,08/04/2023,placeholder,228,2);
INSERT INTO Dessin(numDessin,commentaire,classement,dateRemise,leDessin,numCompetiteur,numConcours) VALUES(239,,,21/04/2023,placeholder,229,2);
INSERT INTO Dessin(numDessin,commentaire,classement,dateRemise,leDessin,numCompetiteur,numConcours) VALUES(240,,,06/04/2023,placeholder,230,2);
INSERT INTO Dessin(numDessin,commentaire,classement,dateRemise,leDessin,numCompetiteur,numConcours) VALUES(241,,,12/04/2023,placeholder,135,2);
INSERT INTO Dessin(numDessin,commentaire,classement,dateRemise,leDessin,numCompetiteur,numConcours) VALUES(242,,,05/04/2023,placeholder,136,2);
INSERT INTO Dessin(numDessin,commentaire,classement,dateRemise,leDessin,numCompetiteur,numConcours) VALUES(243,,,08/04/2023,placeholder,137,2);
INSERT INTO Dessin(numDessin,commentaire,classement,dateRemise,leDessin,numCompetiteur,numConcours) VALUES(244,,,10/04/2023,placeholder,138,2);
INSERT INTO Dessin(numDessin,commentaire,classement,dateRemise,leDessin,numCompetiteur,numConcours) VALUES(245,,,14/04/2023,placeholder,139,2);
INSERT INTO Dessin(numDessin,commentaire,classement,dateRemise,leDessin,numCompetiteur,numConcours) VALUES(246,,,06/04/2023,placeholder,140,2);
INSERT INTO Dessin(numDessin,commentaire,classement,dateRemise,leDessin,numCompetiteur,numConcours) VALUES(247,,,26/04/2023,placeholder,145,2);
INSERT INTO Dessin(numDessin,commentaire,classement,dateRemise,leDessin,numCompetiteur,numConcours) VALUES(248,,,12/04/2023,placeholder,146,2);
INSERT INTO Dessin(numDessin,commentaire,classement,dateRemise,leDessin,numCompetiteur,numConcours) VALUES(249,,,22/04/2023,placeholder,147,2);
INSERT INTO Dessin(numDessin,commentaire,classement,dateRemise,leDessin,numCompetiteur,numConcours) VALUES(250,,,25/04/2023,placeholder,148,2);
INSERT INTO Dessin(numDessin,commentaire,classement,dateRemise,leDessin,numCompetiteur,numConcours) VALUES(251,,,09/04/2023,placeholder,149,2);
INSERT INTO Dessin(numDessin,commentaire,classement,dateRemise,leDessin,numCompetiteur,numConcours) VALUES(252,,,25/04/2023,placeholder,150,2);
INSERT INTO Dessin(numDessin,commentaire,classement,dateRemise,leDessin,numCompetiteur,numConcours) VALUES(253,,,12/04/2023,placeholder,155,2);
INSERT INTO Dessin(numDessin,commentaire,classement,dateRemise,leDessin,numCompetiteur,numConcours) VALUES(254,,,24/04/2023,placeholder,156,2);
INSERT INTO Dessin(numDessin,commentaire,classement,dateRemise,leDessin,numCompetiteur,numConcours) VALUES(255,,,02/04/2023,placeholder,157,2);
INSERT INTO Dessin(numDessin,commentaire,classement,dateRemise,leDessin,numCompetiteur,numConcours) VALUES(256,,,23/04/2023,placeholder,158,2);
INSERT INTO Dessin(numDessin,commentaire,classement,dateRemise,leDessin,numCompetiteur,numConcours) VALUES(257,,,22/04/2023,placeholder,159,2);
INSERT INTO Dessin(numDessin,commentaire,classement,dateRemise,leDessin,numCompetiteur,numConcours) VALUES(258,,,09/04/2023,placeholder,160,2);
INSERT INTO Dessin(numDessin,commentaire,classement,dateRemise,leDessin,numCompetiteur,numConcours) VALUES(259,,,21/04/2023,placeholder,165,2);
INSERT INTO Dessin(numDessin,commentaire,classement,dateRemise,leDessin,numCompetiteur,numConcours) VALUES(260,,,13/04/2023,placeholder,166,2);
INSERT INTO Dessin(numDessin,commentaire,classement,dateRemise,leDessin,numCompetiteur,numConcours) VALUES(261,,,26/04/2023,placeholder,167,2);
INSERT INTO Dessin(numDessin,commentaire,classement,dateRemise,leDessin,numCompetiteur,numConcours) VALUES(262,,,23/04/2023,placeholder,168,2);
INSERT INTO Dessin(numDessin,commentaire,classement,dateRemise,leDessin,numCompetiteur,numConcours) VALUES(263,,,05/04/2023,placeholder,169,2);
INSERT INTO Dessin(numDessin,commentaire,classement,dateRemise,leDessin,numCompetiteur,numConcours) VALUES(264,,,05/04/2023,placeholder,170,2);
INSERT INTO Dessin(numDessin,commentaire,classement,dateRemise,leDessin,numCompetiteur,numConcours) VALUES(265,,,25/04/2023,placeholder,185,2);
INSERT INTO Dessin(numDessin,commentaire,classement,dateRemise,leDessin,numCompetiteur,numConcours) VALUES(266,,,08/04/2023,placeholder,186,2);
INSERT INTO Dessin(numDessin,commentaire,classement,dateRemise,leDessin,numCompetiteur,numConcours) VALUES(267,,,22/04/2023,placeholder,187,2);
INSERT INTO Dessin(numDessin,commentaire,classement,dateRemise,leDessin,numCompetiteur,numConcours) VALUES(268,,,10/04/2023,placeholder,188,2);
INSERT INTO Dessin(numDessin,commentaire,classement,dateRemise,leDessin,numCompetiteur,numConcours) VALUES(269,,,15/04/2023,placeholder,189,2);
INSERT INTO Dessin(numDessin,commentaire,classement,dateRemise,leDessin,numCompetiteur,numConcours) VALUES(270,,,23/04/2023,placeholder,190,2);
INSERT INTO Dessin(numDessin,commentaire,classement,dateRemise,leDessin,numCompetiteur,numConcours) VALUES(271,,,12/04/2023,placeholder,195,2);
INSERT INTO Dessin(numDessin,commentaire,classement,dateRemise,leDessin,numCompetiteur,numConcours) VALUES(272,,,26/04/2023,placeholder,196,2);
INSERT INTO Dessin(numDessin,commentaire,classement,dateRemise,leDessin,numCompetiteur,numConcours) VALUES(273,,,23/04/2023,placeholder,197,2);
INSERT INTO Dessin(numDessin,commentaire,classement,dateRemise,leDessin,numCompetiteur,numConcours) VALUES(274,,,09/04/2023,placeholder,198,2);
INSERT INTO Dessin(numDessin,commentaire,classement,dateRemise,leDessin,numCompetiteur,numConcours) VALUES(275,,,09/04/2023,placeholder,199,2);
INSERT INTO Dessin(numDessin,commentaire,classement,dateRemise,leDessin,numCompetiteur,numConcours) VALUES(276,,,22/04/2023,placeholder,200,2);
INSERT INTO Dessin(numDessin,commentaire,classement,dateRemise,leDessin,numCompetiteur,numConcours) VALUES(277,,,21/04/2023,placeholder,215,2);
INSERT INTO Dessin(numDessin,commentaire,classement,dateRemise,leDessin,numCompetiteur,numConcours) VALUES(278,,,08/04/2023,placeholder,216,2);
INSERT INTO Dessin(numDessin,commentaire,classement,dateRemise,leDessin,numCompetiteur,numConcours) VALUES(279,,,16/04/2023,placeholder,217,2);
INSERT INTO Dessin(numDessin,commentaire,classement,dateRemise,leDessin,numCompetiteur,numConcours) VALUES(280,,,13/04/2023,placeholder,218,2);
INSERT INTO Dessin(numDessin,commentaire,classement,dateRemise,leDessin,numCompetiteur,numConcours) VALUES(281,,,12/04/2023,placeholder,219,2);
INSERT INTO Dessin(numDessin,commentaire,classement,dateRemise,leDessin,numCompetiteur,numConcours) VALUES(282,,,26/04/2023,placeholder,220,2);
INSERT INTO Dessin(numDessin,commentaire,classement,dateRemise,leDessin,numCompetiteur,numConcours) VALUES(283,,,24/04/2023,placeholder,225,2);
INSERT INTO Dessin(numDessin,commentaire,classement,dateRemise,leDessin,numCompetiteur,numConcours) VALUES(284,,,17/04/2023,placeholder,226,2);
INSERT INTO Dessin(numDessin,commentaire,classement,dateRemise,leDessin,numCompetiteur,numConcours) VALUES(285,,,06/04/2023,placeholder,227,2);
INSERT INTO Dessin(numDessin,commentaire,classement,dateRemise,leDessin,numCompetiteur,numConcours) VALUES(286,,,02/04/2023,placeholder,228,2);
INSERT INTO Dessin(numDessin,commentaire,classement,dateRemise,leDessin,numCompetiteur,numConcours) VALUES(287,,,19/04/2023,placeholder,229,2);
INSERT INTO Dessin(numDessin,commentaire,classement,dateRemise,leDessin,numCompetiteur,numConcours) VALUES(288,,,04/04/2023,placeholder,230,2);
INSERT INTO Dessin(numDessin,commentaire,classement,dateRemise,leDessin,numCompetiteur,numConcours) VALUES(289,,,13/08/2023,placeholder,225,3);
INSERT INTO Dessin(numDessin,commentaire,classement,dateRemise,leDessin,numCompetiteur,numConcours) VALUES(290,,,20/08/2023,placeholder,226,3);
INSERT INTO Dessin(numDessin,commentaire,classement,dateRemise,leDessin,numCompetiteur,numConcours) VALUES(291,,,25/08/2023,placeholder,227,3);
INSERT INTO Dessin(numDessin,commentaire,classement,dateRemise,leDessin,numCompetiteur,numConcours) VALUES(292,,,09/08/2023,placeholder,228,3);
INSERT INTO Dessin(numDessin,commentaire,classement,dateRemise,leDessin,numCompetiteur,numConcours) VALUES(293,,,05/08/2023,placeholder,229,3);
INSERT INTO Dessin(numDessin,commentaire,classement,dateRemise,leDessin,numCompetiteur,numConcours) VALUES(294,,,16/08/2023,placeholder,230,3);
INSERT INTO Dessin(numDessin,commentaire,classement,dateRemise,leDessin,numCompetiteur,numConcours) VALUES(295,,,08/08/2023,placeholder,235,3);
INSERT INTO Dessin(numDessin,commentaire,classement,dateRemise,leDessin,numCompetiteur,numConcours) VALUES(296,,,06/08/2023,placeholder,236,3);
INSERT INTO Dessin(numDessin,commentaire,classement,dateRemise,leDessin,numCompetiteur,numConcours) VALUES(297,,,07/08/2023,placeholder,237,3);
INSERT INTO Dessin(numDessin,commentaire,classement,dateRemise,leDessin,numCompetiteur,numConcours) VALUES(298,,,17/08/2023,placeholder,238,3);
INSERT INTO Dessin(numDessin,commentaire,classement,dateRemise,leDessin,numCompetiteur,numConcours) VALUES(299,,,06/08/2023,placeholder,239,3);
INSERT INTO Dessin(numDessin,commentaire,classement,dateRemise,leDessin,numCompetiteur,numConcours) VALUES(300,,,22/08/2023,placeholder,240,3);
INSERT INTO Dessin(numDessin,commentaire,classement,dateRemise,leDessin,numCompetiteur,numConcours) VALUES(301,,,22/08/2023,placeholder,255,3);
INSERT INTO Dessin(numDessin,commentaire,classement,dateRemise,leDessin,numCompetiteur,numConcours) VALUES(302,,,26/08/2023,placeholder,256,3);
INSERT INTO Dessin(numDessin,commentaire,classement,dateRemise,leDessin,numCompetiteur,numConcours) VALUES(303,,,22/08/2023,placeholder,257,3);
INSERT INTO Dessin(numDessin,commentaire,classement,dateRemise,leDessin,numCompetiteur,numConcours) VALUES(304,,,07/08/2023,placeholder,258,3);
INSERT INTO Dessin(numDessin,commentaire,classement,dateRemise,leDessin,numCompetiteur,numConcours) VALUES(305,,,03/08/2023,placeholder,259,3);
INSERT INTO Dessin(numDessin,commentaire,classement,dateRemise,leDessin,numCompetiteur,numConcours) VALUES(306,,,08/08/2023,placeholder,260,3);
INSERT INTO Dessin(numDessin,commentaire,classement,dateRemise,leDessin,numCompetiteur,numConcours) VALUES(307,,,13/08/2023,placeholder,265,3);
INSERT INTO Dessin(numDessin,commentaire,classement,dateRemise,leDessin,numCompetiteur,numConcours) VALUES(308,,,19/08/2023,placeholder,266,3);
INSERT INTO Dessin(numDessin,commentaire,classement,dateRemise,leDessin,numCompetiteur,numConcours) VALUES(309,,,23/08/2023,placeholder,267,3);
INSERT INTO Dessin(numDessin,commentaire,classement,dateRemise,leDessin,numCompetiteur,numConcours) VALUES(310,,,20/08/2023,placeholder,268,3);
INSERT INTO Dessin(numDessin,commentaire,classement,dateRemise,leDessin,numCompetiteur,numConcours) VALUES(311,,,17/08/2023,placeholder,269,3);
INSERT INTO Dessin(numDessin,commentaire,classement,dateRemise,leDessin,numCompetiteur,numConcours) VALUES(312,,,12/08/2023,placeholder,270,3);
INSERT INTO Dessin(numDessin,commentaire,classement,dateRemise,leDessin,numCompetiteur,numConcours) VALUES(313,,,11/08/2023,placeholder,45,3);
INSERT INTO Dessin(numDessin,commentaire,classement,dateRemise,leDessin,numCompetiteur,numConcours) VALUES(314,,,11/08/2023,placeholder,46,3);
INSERT INTO Dessin(numDessin,commentaire,classement,dateRemise,leDessin,numCompetiteur,numConcours) VALUES(315,,,05/08/2023,placeholder,47,3);
INSERT INTO Dessin(numDessin,commentaire,classement,dateRemise,leDessin,numCompetiteur,numConcours) VALUES(316,,,01/08/2023,placeholder,48,3);
INSERT INTO Dessin(numDessin,commentaire,classement,dateRemise,leDessin,numCompetiteur,numConcours) VALUES(317,,,05/08/2023,placeholder,49,3);
INSERT INTO Dessin(numDessin,commentaire,classement,dateRemise,leDessin,numCompetiteur,numConcours) VALUES(318,,,10/08/2023,placeholder,50,3);
INSERT INTO Dessin(numDessin,commentaire,classement,dateRemise,leDessin,numCompetiteur,numConcours) VALUES(319,,,03/08/2023,placeholder,55,3);
INSERT INTO Dessin(numDessin,commentaire,classement,dateRemise,leDessin,numCompetiteur,numConcours) VALUES(320,,,05/08/2023,placeholder,56,3);
INSERT INTO Dessin(numDessin,commentaire,classement,dateRemise,leDessin,numCompetiteur,numConcours) VALUES(321,,,17/08/2023,placeholder,57,3);
INSERT INTO Dessin(numDessin,commentaire,classement,dateRemise,leDessin,numCompetiteur,numConcours) VALUES(322,,,26/08/2023,placeholder,58,3);
INSERT INTO Dessin(numDessin,commentaire,classement,dateRemise,leDessin,numCompetiteur,numConcours) VALUES(323,,,12/08/2023,placeholder,59,3);
INSERT INTO Dessin(numDessin,commentaire,classement,dateRemise,leDessin,numCompetiteur,numConcours) VALUES(324,,,14/08/2023,placeholder,60,3);
INSERT INTO Dessin(numDessin,commentaire,classement,dateRemise,leDessin,numCompetiteur,numConcours) VALUES(325,,,19/08/2023,placeholder,75,3);
INSERT INTO Dessin(numDessin,commentaire,classement,dateRemise,leDessin,numCompetiteur,numConcours) VALUES(326,,,26/08/2023,placeholder,76,3);
INSERT INTO Dessin(numDessin,commentaire,classement,dateRemise,leDessin,numCompetiteur,numConcours) VALUES(327,,,21/08/2023,placeholder,77,3);
INSERT INTO Dessin(numDessin,commentaire,classement,dateRemise,leDessin,numCompetiteur,numConcours) VALUES(328,,,06/08/2023,placeholder,78,3);
INSERT INTO Dessin(numDessin,commentaire,classement,dateRemise,leDessin,numCompetiteur,numConcours) VALUES(329,,,21/08/2023,placeholder,79,3);
INSERT INTO Dessin(numDessin,commentaire,classement,dateRemise,leDessin,numCompetiteur,numConcours) VALUES(330,,,20/08/2023,placeholder,80,3);
INSERT INTO Dessin(numDessin,commentaire,classement,dateRemise,leDessin,numCompetiteur,numConcours) VALUES(331,,,19/08/2023,placeholder,85,3);
INSERT INTO Dessin(numDessin,commentaire,classement,dateRemise,leDessin,numCompetiteur,numConcours) VALUES(332,,,07/08/2023,placeholder,86,3);
INSERT INTO Dessin(numDessin,commentaire,classement,dateRemise,leDessin,numCompetiteur,numConcours) VALUES(333,,,02/08/2023,placeholder,87,3);
INSERT INTO Dessin(numDessin,commentaire,classement,dateRemise,leDessin,numCompetiteur,numConcours) VALUES(334,,,10/08/2023,placeholder,88,3);
INSERT INTO Dessin(numDessin,commentaire,classement,dateRemise,leDessin,numCompetiteur,numConcours) VALUES(335,,,21/08/2023,placeholder,89,3);
INSERT INTO Dessin(numDessin,commentaire,classement,dateRemise,leDessin,numCompetiteur,numConcours) VALUES(336,,,05/08/2023,placeholder,90,3);